SGO Report ID,SGO Report Version,Year Month,Location,Crash Type,Is NHTSA Reportable In-Transport,Is NHTSA Reportable In-Transport Delta-V Less than 1 MPH,Is Police-Reported,Is Any-Injury-Reported,Is Airbag Deployment,Is Suspected Serious Injury+,Incident Date,Location Address / Description,Zip Code
30270-10563,1,202503,LOS_ANGELES,Single Vehicle,TRUE,TRUE,FALSE,FALSE,FALSE,FALSE,03/06/2025,Manning Avenue near Dunleer Drive,90064
30270-10488,1,202503,LOS_ANGELES,V2V F2R,TRUE,FALSE,FALSE,FALSE,FALSE,FALSE,03/27/2025,La Cienega Boulevard at W 83rd Street,90301
30270-10487,1,202503,SAN_FRANCISCO,V2V Head-on,TRUE,FALSE,FALSE,FALSE,FALSE,FALSE,03/27/2025,Eugenia Avenue near Bonview Street,94110
30270-10455,1,202503,LOS_ANGELES,V2V Lateral,FALSE,FALSE,FALSE,FALSE,FALSE,FALSE,03/25/2025,Huntley Drive near Miramar Street,90026
30270-10454,1,202503,SAN_FRANCISCO,V2V Backing,TRUE,TRUE,FALSE,FALSE,FALSE,FALSE,03/24/2025,Pine Street at Gough Street,94109
30270-10453,1,202503,SAN_FRANCISCO,V2V Head-on,FALSE,FALSE,FALSE,FALSE,FALSE,FALSE,03/25/2025,600 block of Ulloa Street,94127
30270-10452,1,202503,LOS_ANGELES,V2V Head-on,TRUE,TRUE,FALSE,FALSE,FALSE,FALSE,03/23/2025,Yucca Street near N Hudson Avenue,90028
30270-10451,1,202503,SAN_FRANCISCO,V2V Backing,FALSE,FALSE,FALSE,FALSE,FALSE,FALSE,03/28/2025,Fillmore Street near Page Street,94117
30270-10450,1,202503,AUSTIN,V2V Lateral,TRUE,TRUE,FALSE,FALSE,FALSE,FALSE,03/29/2025,Rio Grande Street near W. 6th Street,78701
30270-10449,1,202503,SAN_FRANCISCO,V2V Lateral,TRUE,TRUE,FALSE,FALSE,FALSE,FALSE,03/27/2025,Oak Grove Street near Harrison Street,94107
30270-10448,1,202503,AUSTIN,V2V Head-on,TRUE,FALSE,FALSE,FALSE,FALSE,FALSE,03/24/2025,E 2nd Street at Brazos Street,78701
30270-10447,1,202503,SAN_FRANCISCO,V2V Backing,TRUE,TRUE,FALSE,TRUE,FALSE,FALSE,03/24/2025,Anza Street near 23rd Avenue,94121
30270-10446,1,202503,SAN_FRANCISCO,V2V Backing,TRUE,TRUE,FALSE,FALSE,FALSE,FALSE,03/24/2025,Ellis Street near Farren Street,94115
30270-10444,1,202503,SAN_FRANCISCO,V2V Intersection,TRUE,FALSE,FALSE,FALSE,FALSE,FALSE,03/06/2025,17th Street at Hoff Street,94110
30270-10443,1,202503,SAN_FRANCISCO,V2V F2R,TRUE,FALSE,FALSE,FALSE,FALSE,FALSE,3/5/2025,Laguna Honda Boulevard near Clarendon Avenue,94131
30270-10442,1,202503,SAN_FRANCISCO,V2V F2R,TRUE,FALSE,FALSE,FALSE,FALSE,FALSE,03/04/2025,California Street at Divisadero Street,94115
30270-10439,1,202503,LOS_ANGELES,V2V Lateral,TRUE,TRUE,TRUE,FALSE,FALSE,FALSE,03/03/2025,Speedway near Breeze Avenue,90291
30270-10438,1,202503,LOS_ANGELES,V2V F2R,TRUE,FALSE,FALSE,FALSE,FALSE,FALSE,03/03/2025,Wilshire Boulevard at Bundy Drive,90025
30270-10435,1,202503,PHOENIX,V2V Backing,FALSE,FALSE,FALSE,FALSE,FALSE,FALSE,03/01/2025,N 9th Street near E Willetta Street,85006
30270-10428,1,202503,LOS_ANGELES,V2V Backing,TRUE,TRUE,FALSE,FALSE,FALSE,FALSE,03/27/2025,Ogden Drive near Oakwood Avenue,90036
30270-10427,1,202503,PHOENIX,V2V F2R,TRUE,FALSE,FALSE,FALSE,FALSE,FALSE,03/30/2025,N. 16th Street at E. Indian School Road,85016
30270-10426,1,202503,LOS_ANGELES,V2V F2R,TRUE,FALSE,FALSE,FALSE,FALSE,FALSE,03/30/2025,N. Robertson Boulevard near Santa Monica Boulevard,90069
30270-10425,1,202503,SAN_FRANCISCO,V2V Lateral,TRUE,FALSE,TRUE,FALSE,FALSE,FALSE,03/29/2025,Bryant Street near Alameda Street,94103
30270-10421,1,202503,LOS_ANGELES,Single Vehicle,TRUE,TRUE,FALSE,FALSE,FALSE,FALSE,3/29/2025,W. 28th Street near University Avenue,90007
30270-10420,1,202503,LOS_ANGELES,V2V Intersection,TRUE,FALSE,FALSE,FALSE,FALSE,FALSE,03/14/2025,Palms Boulevard at S. Centinela Avenue,90066
30270-10381,1,202503,PHOENIX,V2V F2R,TRUE,FALSE,FALSE,TRUE,FALSE,FALSE,03/30/2025,N. 7th Avenue at Thomas Road,85013
30270-10380,1,202503,LOS_ANGELES,Secondary Crash,TRUE,FALSE,TRUE,TRUE,FALSE,FALSE,03/29/2025,Washington Boulevard near La Brea Avenue,90019
30270-10367,1,202503,SAN_FRANCISCO,V2V Lateral,TRUE,TRUE,FALSE,FALSE,FALSE,FALSE,3/27/2025,1st Street at Folsom Street,94108
30270-10364,2,202503,LOS_ANGELES,V2V Backing,TRUE,FALSE,FALSE,FALSE,FALSE,FALSE,03/29/2025,Naylor Avenue near W 78th Street,90045
30270-10363,1,202503,SAN_FRANCISCO,V2V Backing,TRUE,TRUE,FALSE,FALSE,FALSE,FALSE,03/13/2025,parking lot on Division Street near Rhode Island Street,94103
30270-10362,1,202503,SAN_FRANCISCO,V2V Backing,FALSE,FALSE,FALSE,FALSE,FALSE,FALSE,03/13/2025,Yosemite Avenue near Jennings Street,94124
30270-10361,1,202503,AUSTIN,Single Vehicle,TRUE,TRUE,FALSE,FALSE,FALSE,FALSE,03/14/2025,Rosewood Avenue near Northwestern Avenue,78702
30270-10360,1,202503,LOS_ANGELES,Secondary Crash,TRUE,FALSE,FALSE,FALSE,FALSE,FALSE,03/12/2025,Venice Boulevard at La Brea Avenue,90019
30270-10359,1,202503,SAN_FRANCISCO,V2V Backing,TRUE,TRUE,FALSE,FALSE,FALSE,FALSE,03/11/2025,16th Street near Market Street,94114
30270-10349,2,202503,SAN_FRANCISCO,Motorcycle,TRUE,FALSE,FALSE,FALSE,FALSE,FALSE,03/27/2025,Division Street at Vernon Street,94103
30270-10347,1,202503,SAN_FRANCISCO,V2V F2R,TRUE,FALSE,FALSE,FALSE,FALSE,FALSE,03/11/2025,Laguna Street near Hickory Street,94102
30270-10346,2,202503,AUSTIN,V2V Lateral,TRUE,FALSE,TRUE,TRUE,FALSE,FALSE,03/27/2025,E Cesar Chavez Street near Spencer Lane,78702
30270-10344,1,202503,SAN_FRANCISCO,V2V Backing,TRUE,FALSE,FALSE,FALSE,FALSE,FALSE,03/11/2025,Near 141 Buchanan Street,94102
30270-10343,1,202503,LOS_ANGELES,V2V F2R,TRUE,FALSE,FALSE,FALSE,FALSE,FALSE,03/09/2025,Vine Street at Fountain Avenue,90028
30270-10340,1,202503,PHOENIX,V2V Intersection,TRUE,FALSE,TRUE,FALSE,FALSE,FALSE,03/20/2025,N. 24th Street near E. Indian School Road,85016
30270-10338,1,202503,MOUNTAIN_VIEW,V2V Lateral,TRUE,FALSE,FALSE,FALSE,FALSE,FALSE,03/20/2025,N. Rengstorff Avenue near E. Charleston Road,94043
30270-10337,1,202503,LOS_ANGELES,V2V Lateral,TRUE,FALSE,FALSE,FALSE,FALSE,FALSE,03/19/2025,Crescent Heights Boulevard near Wilshire Boulevard,90048
30270-10336,1,202503,LOS_ANGELES,All Others,FALSE,FALSE,FALSE,FALSE,FALSE,FALSE,03/20/2025,Santa Monica Boulevard near Hayworth Aveue,90046
30270-10335,1,202503,LOS_ANGELES,V2V Lateral,TRUE,TRUE,FALSE,FALSE,FALSE,FALSE,03/16/2025,6th Street at LACMA Way,90036
30270-10334,1,202503,LOS_ANGELES,V2V Lateral,TRUE,TRUE,FALSE,FALSE,FALSE,FALSE,03/18/2025,N. Orange Drive at Lanewood Avenue,90028
30270-10332,1,202503,SAN_FRANCISCO,V2V F2R,TRUE,TRUE,FALSE,FALSE,FALSE,FALSE,03/18/2025,Bush Street at Battery Street,94104
30270-10330,1,202503,PHOENIX,V2V Lateral,TRUE,TRUE,FALSE,FALSE,FALSE,FALSE,03/18/2025,E. Missouri Avenue near North 23rd Place,85016
30270-10329,1,202503,AUSTIN,V2V Lateral,TRUE,TRUE,FALSE,FALSE,FALSE,FALSE,03/15/2025,E. 6th Street near Pedernales Street,78702
30270-10328,1,202503,AUSTIN,V2V Backing,TRUE,TRUE,FALSE,FALSE,FALSE,FALSE,03/17/2025,Parking lot on Barton Springs Road near Sterzing Street,78704
30270-10327,1,202503,LOS_ANGELES,V2V Lateral,TRUE,FALSE,FALSE,FALSE,FALSE,FALSE,03/17/2025,Charleville Boulevard near S. Reeves Drive,90212
30270-10326,1,202503,SAN_FRANCISCO,V2V Head-on,TRUE,TRUE,FALSE,FALSE,FALSE,FALSE,03/17/2025,States Street near Castro Steet,94114
30270-10324,1,202503,LOS_ANGELES,V2V Lateral,TRUE,FALSE,FALSE,FALSE,FALSE,FALSE,3/17/2025,Coronado Terrace near N. Park View Street,90026
30270-10323,1,202503,LOS_ANGELES,All Others,TRUE,TRUE,FALSE,FALSE,FALSE,FALSE,3/16/2025,W. Adams Boulevard near 12th Avenue,90018
30270-10322,1,202503,SAN_FRANCISCO,V2V F2R,TRUE,FALSE,FALSE,FALSE,FALSE,FALSE,03/16/2025,Oakdale Avenue at Rankin Street,94124
30270-10321,1,202503,LOS_ANGELES,V2V Lateral,TRUE,TRUE,FALSE,FALSE,FALSE,FALSE,3/16/2025,Ilona Avenue near Fox Hills Drive,90064
30270-10320,1,202503,LOS_ANGELES,V2V Lateral,TRUE,TRUE,FALSE,FALSE,FALSE,FALSE,03/16/2025,Illona Avenue near Kerwood Avenue,90064
30270-10319,1,202503,SAN_FRANCISCO,V2V Lateral,TRUE,FALSE,FALSE,FALSE,FALSE,FALSE,03/15/2025,13th Street  at S. Van Ness Avenue,94103
30270-10318,1,202503,PHOENIX,V2V Intersection,TRUE,FALSE,TRUE,FALSE,FALSE,FALSE,03/15/2025,E. Glendale Avenue near N. 19th Street,85020
30270-10317,1,202503,SAN_FRANCISCO,V2V F2R,TRUE,FALSE,FALSE,FALSE,FALSE,FALSE,03/21/2025,Harrison Street near Treat Avenue,94110
30270-10292,1,202503,SAN_FRANCISCO,V2V F2R,TRUE,FALSE,FALSE,FALSE,FALSE,FALSE,3/18/2025,Lincoln Way near 7th Avenue,94122
30270-10289,1,202503,LOS_ANGELES,V2V F2R,TRUE,FALSE,TRUE,TRUE,FALSE,FALSE,03/16/2025,W 3rd Street at S Wilton Place,90020
30270-10221,1,202503,LOS_ANGELES,V2V F2R,TRUE,FALSE,FALSE,FALSE,FALSE,FALSE,3/13/2025,7th Street near S. Hoover Street,90005
30270-10196,1,202503,PHOENIX,V2V F2R,TRUE,FALSE,FALSE,FALSE,FALSE,FALSE,03/09/2025,E. Frank Lloyd Wright Boulevard at N. Pima Road,85260
30270-10184,2,202503,PHOENIX,V2V F2R,TRUE,TRUE,TRUE,FALSE,FALSE,FALSE,03/08/2025,parking lot at 1037 S. Rural Road,85281
30270-10182,2,202503,SAN_FRANCISCO,V2V F2R,TRUE,FALSE,FALSE,FALSE,FALSE,FALSE,03/06/2025,Broadway at Powell Street,94133
30270-10175,1,202503,PHOENIX,V2V Intersection,TRUE,TRUE,FALSE,FALSE,FALSE,FALSE,3/4/2025,W Monroe Street at N 1st Avenue,85003
30270-10174,2,202503,PHOENIX,Secondary Crash,TRUE,FALSE,TRUE,TRUE,TRUE,FALSE,03/04/2025,E Broadway Road near S 24th Street,85040
30270-10147,1,202503,AUSTIN,V2V Lateral,TRUE,TRUE,FALSE,FALSE,FALSE,FALSE,03/04/2025,East 6th Street at Waller Streeet,78702
30270-10145,1,202503,PHOENIX,V2V F2R,TRUE,FALSE,FALSE,FALSE,FALSE,FALSE,03/02/2025,3400 Sky Harbor Boulevard at the Phoenix Sky Harbor International Airport,85034
30270-10127,1,202503,SAN_FRANCISCO,V2V Lateral,TRUE,TRUE,FALSE,FALSE,FALSE,FALSE,03/03/2025,Gough Street at Fell Street,94102
30270-10118,1,202503,LOS_ANGELES,V2V Head-on,TRUE,FALSE,FALSE,FALSE,FALSE,FALSE,3/1/2025,E 4th Place at Mateo Street,90013
30270-10117,1,202503,LOS_ANGELES,V2V F2R,TRUE,FALSE,FALSE,FALSE,TRUE,FALSE,02/28/2025,W 2nd Street near Main Street,90012
30270-9992,2,202502,PHOENIX,Secondary Crash,TRUE,FALSE,TRUE,TRUE,TRUE,FALSE,02/17/2025,E Indian School Road at N 38th Street,85018
30270-9988,1,202502,SAN_FRANCISCO,V2V Intersection,TRUE,FALSE,TRUE,FALSE,TRUE,FALSE,02/13/2025,Southgate Avenue at Callan Boulevard,94015
30270-9987,2,202502,SAN_FRANCISCO,Cyclist,FALSE,FALSE,FALSE,FALSE,FALSE,FALSE,02/16/2025,7th Street & Stevenson Street,94103
30270-9987,2,202502,SAN_FRANCISCO,Cyclist,TRUE,FALSE,TRUE,TRUE,FALSE,FALSE,02/16/2025,7th Street & Stevenson Street,94103
30270-9978,2,202502,SAN_FRANCISCO,V2V Intersection,TRUE,FALSE,FALSE,FALSE,FALSE,FALSE,2/15/2025,Ingalls Street & Kiska Road,94124
30270-9931,2,202502,SAN_FRANCISCO,V2V F2R,TRUE,FALSE,FALSE,FALSE,FALSE,FALSE,02/13/2025,Divisadero Street at Haight Street,94117
30270-9926,2,202502,SAN_FRANCISCO,V2V F2R,TRUE,FALSE,FALSE,TRUE,FALSE,FALSE,02/05/2025,Stockton Street at Ellis Street,94102
30270-9912,1,202502,SAN_FRANCISCO,V2V Head-on,TRUE,TRUE,FALSE,FALSE,FALSE,FALSE,02/11/2025,Montgomery Street at Broadway,94133
30270-9876,2,202502,SAN_FRANCISCO,V2V F2R,TRUE,FALSE,TRUE,TRUE,FALSE,FALSE,02/07/2025,Dolores Street at 19th Street,94110
30270-9860,2,202502,LOS_ANGELES,V2V F2R,TRUE,FALSE,TRUE,TRUE,FALSE,FALSE,02/06/2025,S. Grand Avenue near W. Pico Boulevard,90015
30270-9828,1,202502,SAN_FRANCISCO,Single Vehicle,TRUE,TRUE,TRUE,FALSE,FALSE,FALSE,02/03/2025,Bayshore Boulevard near Valley Drive,94005
30270-9826,1,202502,LOS_ANGELES,V2V F2R,TRUE,FALSE,TRUE,FALSE,FALSE,FALSE,02/03/2025,S. Union Avenue at Venice Boulevard,90015
30270-9809,1,202502,PHOENIX,V2V F2R,TRUE,FALSE,TRUE,FALSE,FALSE,FALSE,02/01/2025,Camelback Road and N. Saddlebag Trail,85251
30270-9789,2,202502,SAN_FRANCISCO,V2V Intersection,TRUE,FALSE,TRUE,TRUE,TRUE,FALSE,02/01/2025,San Jose Avenue at Goethe Street,94112
30270-10436,1,202502,SAN_FRANCISCO,V2V Lateral,TRUE,TRUE,FALSE,FALSE,FALSE,FALSE,02/28/2025,3rd Street at Brannan Street,94107
30270-10276,1,202502,SAN_FRANCISCO,V2V Lateral,FALSE,FALSE,FALSE,FALSE,FALSE,FALSE,02/23/2025,Bay Street at Polk Street,90214
30270-10274,1,202502,SAN_FRANCISCO,Single Vehicle,TRUE,TRUE,FALSE,FALSE,FALSE,FALSE,02/11/2025,1st Street at Clementina Street,94105
30270-10216,1,202502,SAN_FRANCISCO,V2V Lateral,TRUE,TRUE,FALSE,FALSE,FALSE,FALSE,02/28/2025,California Street at Battery Street,94104
30270-10215,1,202502,PHOENIX,V2V Backing,TRUE,TRUE,FALSE,FALSE,FALSE,FALSE,02/28/2025,S McAllister Avenue at E University Drive,85281
30270-10143,1,202502,SAN_FRANCISCO,V2V F2R,TRUE,FALSE,FALSE,FALSE,FALSE,FALSE,02/28/2025,17th Street at S Van Ness Avenue,94110
30270-10142,1,202502,AUSTIN,V2V F2R,TRUE,FALSE,FALSE,FALSE,FALSE,FALSE,02/27/2025,N Lamar Road at W 31st Street,78705
30270-10141,1,202502,PHOENIX,V2V Backing,TRUE,TRUE,FALSE,FALSE,FALSE,FALSE,02/25/2025,Parking lot near 1810 E Apache Boulevard,85281
30270-10140,1,202502,PHOENIX,V2V F2R,TRUE,FALSE,FALSE,FALSE,FALSE,FALSE,02/24/2025,N 40th Street near Washington Street,85034
30270-10139,1,202502,AUSTIN,V2V Lateral,TRUE,TRUE,FALSE,FALSE,FALSE,FALSE,02/19/2025,E. 5th Street at San Marcos Street,78702
30270-10138,1,202502,PHOENIX,V2V Lateral,TRUE,FALSE,FALSE,FALSE,FALSE,FALSE,02/24/2025,E Camelback Road near N Rubicon Avenue,85018
30270-10137,1,202502,SAN_FRANCISCO,V2V Backing,FALSE,FALSE,FALSE,FALSE,FALSE,FALSE,02/24/2025,Broadway near Baker Street,94115
30270-10136,1,202502,AUSTIN,V2V Backing,FALSE,FALSE,FALSE,FALSE,FALSE,FALSE,02/24/2025,Rio Grande Street near W 11th Street,78701
30270-10135,1,202502,SAN_FRANCISCO,V2V Lateral,TRUE,TRUE,FALSE,FALSE,FALSE,FALSE,02/22/2025,Taylor Street at Jefferson Street,94133
30270-10134,1,202502,PHOENIX,V2V Backing,TRUE,FALSE,FALSE,FALSE,FALSE,FALSE,02/13/2025,parking lot near 1501 W Bethany Home Road,85015
30270-10131,1,202502,SAN_FRANCISCO,V2V Backing,TRUE,TRUE,FALSE,FALSE,FALSE,FALSE,2/13/2025,Parking lot near 840 Brannan Street,94103
30270-10130,1,202502,SAN_FRANCISCO,V2V F2R,TRUE,FALSE,FALSE,FALSE,FALSE,FALSE,02/14/2025,Alemany Boulevard near Bayshore Boulevard,94124
30270-10129,1,202502,LOS_ANGELES,V2V F2R,TRUE,TRUE,FALSE,FALSE,FALSE,FALSE,02/10/2025,Olympic Boulevard near 26th Street,90404
30270-10123,1,202502,PHOENIX,V2V F2R,TRUE,FALSE,TRUE,FALSE,FALSE,FALSE,2/28/2025,E Southern Avenue at S 24th Street,85040
30270-10112,2,202502,PHOENIX,Secondary Crash,TRUE,FALSE,TRUE,TRUE,TRUE,FALSE,02/28/2025,N Dobson Rd and W Flint Street,85224
30270-10109,1,202502,PHOENIX,V2V Lateral,TRUE,TRUE,FALSE,FALSE,FALSE,FALSE,02/27/2025,"3400 Sky Harbor Boulevard, Terminal 3 at the Phoenix Sky Harbor International Airport",85034
30270-10091,1,202502,PHOENIX,V2V Backing,TRUE,TRUE,FALSE,FALSE,FALSE,FALSE,02/04/2025,E. Brill Street at N. 24th Streeet,85008
30270-10090,1,202502,LOS_ANGELES,V2V F2R,TRUE,FALSE,FALSE,FALSE,FALSE,FALSE,02/01/2025,Benton Way near London Street,90026
30270-10087,1,202502,PHOENIX,Single Vehicle,TRUE,TRUE,FALSE,FALSE,FALSE,FALSE,02/21/2025,Driveway entrance on S. 16th Street near Grant Street,85034
30270-10086,1,202502,LOS_ANGELES,V2V Lateral,TRUE,FALSE,TRUE,FALSE,FALSE,FALSE,02/26/2025,6800 block of La Cienega Boulevard,90302
30270-10085,1,202502,PHOENIX,V2V F2R,TRUE,FALSE,TRUE,FALSE,FALSE,FALSE,02/21/2025,N. 16th Street near E. Camelback Road,85016
30270-10083,1,202502,LOS_ANGELES,V2V F2R,TRUE,TRUE,FALSE,TRUE,FALSE,FALSE,02/06/2025,S. Sherbourne Drive and W. 3rd Street,90048
30270-10082,1,202502,PHOENIX,V2V F2R,TRUE,FALSE,FALSE,FALSE,FALSE,FALSE,02/07/2025,E. Dillons Way near N. 80th Street,85260
30270-10081,1,202502,LOS_ANGELES,V2V Lateral,TRUE,TRUE,FALSE,FALSE,FALSE,FALSE,02/07/2025,Westwood Plaza near Strathmore Place,90095
30270-10080,1,202502,SAN_FRANCISCO,V2V Backing,TRUE,FALSE,FALSE,FALSE,FALSE,FALSE,02/24/2025,Taylor Street at Broadway,94133
30270-10079,1,202502,SAN_FRANCISCO,V2V Lateral,TRUE,FALSE,FALSE,FALSE,FALSE,FALSE,02/07/2025,Howard Street near 5th Street,94103
30270-10078,1,202502,SAN_FRANCISCO,V2V F2R,TRUE,FALSE,FALSE,FALSE,FALSE,FALSE,02/21/2025,Laguna Street at Page Street,94102
30270-10077,1,202502,LOS_ANGELES,V2V Intersection,TRUE,FALSE,FALSE,FALSE,FALSE,FALSE,02/07/2025,Mayfield Avenue at Bundy Drive,90049
30270-10076,1,202502,SAN_FRANCISCO,Single Vehicle,TRUE,TRUE,FALSE,FALSE,FALSE,FALSE,02/06/2025,200 block of Brookdale Avenue,94134
30270-10075,2,202502,SAN_FRANCISCO,Cyclist,TRUE,FALSE,FALSE,FALSE,FALSE,FALSE,02/21/2025,400 block of Van Ness Avenue,94102
30270-10067,1,202502,SAN_FRANCISCO,V2V Backing,FALSE,FALSE,FALSE,FALSE,FALSE,FALSE,02/20/2025,Stockton Street near Bay Stret,94133
30270-10060,1,202502,LOS_ANGELES,V2V F2R,TRUE,FALSE,TRUE,FALSE,FALSE,FALSE,02/21/2025,Santa Monica Boulevard near Beverly Boulevard,90210
30270-10059,1,202502,PHOENIX,V2V F2R,TRUE,FALSE,FALSE,FALSE,FALSE,FALSE,2/21/2025,Washington Street at N. 28th Street,85034
30270-10058,1,202502,SAN_FRANCISCO,V2V F2R,TRUE,FALSE,FALSE,FALSE,FALSE,FALSE,02/19/2025,Webster Street at Hermann Street,94117
30270-10057,1,202502,SAN_FRANCISCO,V2V Lateral,TRUE,TRUE,FALSE,TRUE,FALSE,FALSE,02/15/2025,Divisadero Street at Grove Street,94117
30270-10054,2,202502,LOS_ANGELES,Pedestrian,TRUE,FALSE,FALSE,FALSE,FALSE,FALSE,2/22/2025,Venice Blvd near S Robertson Blvd,90066
30270-10053,1,202502,SAN_FRANCISCO,V2V Lateral,FALSE,FALSE,FALSE,FALSE,FALSE,FALSE,2/17/2025,Oak Street near Octavia Boulevard,94102
30270-10052,1,202502,MOUNTAIN_VIEW,V2V F2R,TRUE,FALSE,FALSE,FALSE,FALSE,FALSE,02/14/2025,Logue Avenue at E. Middlefielf Road,94043
30270-10050,1,202502,SAN_FRANCISCO,V2V Backing,FALSE,FALSE,FALSE,FALSE,FALSE,FALSE,02/05/2025,Tennessee Street near 22nd Street,94107
30270-10049,1,202502,SAN_FRANCISCO,V2V Backing,TRUE,FALSE,FALSE,FALSE,FALSE,FALSE,02/04/2025,Howard Street near 5th Street,94103
30270-10048,1,202502,PHOENIX,V2V F2R,TRUE,FALSE,FALSE,FALSE,FALSE,FALSE,02/03/2025,N. Scottsdale Road at E. Hancock Avenue,85288
30270-10047,1,202502,SAN_FRANCISCO,V2V Backing,TRUE,TRUE,FALSE,FALSE,FALSE,FALSE,02/03/2025,Geary Boulevard at Laguna Street,94115
30270-10046,1,202502,LOS_ANGELES,V2V F2R,TRUE,FALSE,FALSE,FALSE,FALSE,FALSE,02/03/2025,11th Street at California Avenue,90403
30270-10042,2,202502,PHOENIX,Single Vehicle,TRUE,TRUE,FALSE,FALSE,FALSE,FALSE,02/20/2025,7500 N Dreamy Draw Drive,85020
30270-10007,1,202502,SAN_FRANCISCO,V2V Backing,FALSE,FALSE,FALSE,FALSE,FALSE,FALSE,2/17/2025,Alameda Street near Potrero Avenue,94103
30270-10006,1,202502,PHOENIX,Single Vehicle,TRUE,TRUE,FALSE,FALSE,FALSE,FALSE,02/15/2025,E. McDowell Road near N. 51st Street,85008
30270-9910,1,202501,SAN_FRANCISCO,All Others,TRUE,TRUE,FALSE,FALSE,FALSE,FALSE,1/11/2025,Montezuma Street near Coso Avenue,94110
30270-9909,1,202501,SAN_FRANCISCO,V2V Backing,TRUE,FALSE,FALSE,FALSE,FALSE,FALSE,01/11/2025,Mariposa Street at Florida Street,94110
30270-9908,1,202501,LOS_ANGELES,V2V F2R,TRUE,FALSE,FALSE,FALSE,FALSE,FALSE,01/11/2025,S. Robertson Boulevard near Olin Street,90034
30270-9907,1,202501,SAN_FRANCISCO,Single Vehicle,TRUE,TRUE,FALSE,FALSE,FALSE,FALSE,1/18/2025,Broadway at Romolo Place,94133
30270-9906,1,202501,SAN_FRANCISCO,V2V Lateral,TRUE,TRUE,FALSE,FALSE,FALSE,FALSE,01/11/2025,parking garage at Mission Street and Angelo's Alley,94103
30270-9905,1,202501,PHOENIX,V2V Backing,TRUE,TRUE,FALSE,FALSE,FALSE,FALSE,1/12/2025,W. Culver Street near N. Central Avenue,85004
30270-9904,1,202501,PHOENIX,V2V Lateral,TRUE,FALSE,TRUE,FALSE,FALSE,FALSE,01/10/2025,N. 44th Street and E. Camelback Road,85018
30270-9900,1,202501,SAN_FRANCISCO,V2V Lateral,TRUE,TRUE,FALSE,FALSE,FALSE,FALSE,01/10/2025,Willow Street at Polk Street,94109
30270-9898,1,202501,SAN_FRANCISCO,V2V Backing,TRUE,TRUE,FALSE,FALSE,FALSE,FALSE,01/10/2025,1900 block of Palou Avenue,94124
30270-9897,1,202501,SAN_FRANCISCO,V2V Lateral,TRUE,TRUE,FALSE,FALSE,FALSE,FALSE,01/14/2025,Powell Street at Sutter Street,94108
30270-9895,1,202501,SAN_FRANCISCO,V2V Lateral,TRUE,TRUE,FALSE,FALSE,FALSE,FALSE,01/20/2025,Taylor Street near Jefferson Street,94133
30270-9894,1,202501,PHOENIX,V2V Lateral,TRUE,FALSE,FALSE,FALSE,FALSE,FALSE,1/20/2025,near 3400 Sky Harbor Boulevard,85034
30270-9887,1,202501,SAN_FRANCISCO,V2V Head-on,TRUE,TRUE,TRUE,FALSE,FALSE,FALSE,01/08/2025,Hugo Street at 4th Avenue,94122
30270-9885,1,202501,SAN_FRANCISCO,V2V Intersection,TRUE,FALSE,FALSE,FALSE,FALSE,FALSE,01/21/2025,Mariposa Street at Owens Street,94158
30270-9884,1,202501,SAN_FRANCISCO,V2V Backing,FALSE,FALSE,FALSE,FALSE,FALSE,FALSE,01/21/2025,Fillmore Street near Bush Street,94115
30270-9883,1,202501,PHOENIX,All Others,TRUE,TRUE,FALSE,FALSE,FALSE,FALSE,01/22/2025,N. 9th Street at E. Polk Street,85006
30270-9881,1,202501,PHOENIX,V2V Backing,FALSE,FALSE,FALSE,FALSE,FALSE,FALSE,01/06/2025,W Pima Street near S 18th Avenue,85007
30270-9880,1,202501,SAN_FRANCISCO,All Others,TRUE,FALSE,FALSE,FALSE,FALSE,FALSE,01/04/2025,Stockton Street at Bay Street,94133
30270-9879,1,202501,PHOENIX,V2V Intersection,TRUE,FALSE,FALSE,FALSE,FALSE,FALSE,01/02/2025,S Dobson Road near W Main Street,85202
30270-9878,1,202501,SAN_FRANCISCO,V2V Backing,TRUE,TRUE,FALSE,FALSE,FALSE,FALSE,01/12/2025,Precita Avenue near Emmett Court,94110
30270-9875,1,202501,SAN_FRANCISCO,V2V Lateral,TRUE,TRUE,TRUE,FALSE,FALSE,FALSE,01/12/2025,Clementina Street and 1st Street,94105
30270-9874,1,202501,SAN_FRANCISCO,V2V F2R,TRUE,FALSE,FALSE,FALSE,FALSE,FALSE,01/12/2025,Hawthorne Street near Harrison Street,94107
30270-9873,1,202501,SAN_FRANCISCO,Single Vehicle,TRUE,TRUE,FALSE,FALSE,FALSE,FALSE,01/16/2025,Baker Street near Geary Boulevard,94115
30270-9872,1,202501,SAN_FRANCISCO,V2V Backing,TRUE,TRUE,FALSE,FALSE,FALSE,FALSE,01/16/2025,Howard Street near Spear Street,94105
30270-9868,1,202501,AUSTIN,V2V Intersection,TRUE,FALSE,FALSE,FALSE,FALSE,FALSE,01/17/2025,6300 block of E. Stassney Lane,78744
30270-9867,1,202501,PHOENIX,V2V Lateral,TRUE,TRUE,FALSE,FALSE,FALSE,FALSE,01/24/2025,Thomas Road and N. Central Avenue,85012
30270-9855,1,202501,PHOENIX,All Others,TRUE,TRUE,FALSE,FALSE,FALSE,FALSE,01/01/2025,Talking Stick Way and N Dobson Road,85256
30270-9854,1,202501,SAN_FRANCISCO,V2V Backing,TRUE,TRUE,FALSE,FALSE,FALSE,FALSE,1/3/2025,1200 block of Castro Street,94114
30270-9853,1,202501,SAN_FRANCISCO,V2V Lateral,TRUE,TRUE,FALSE,FALSE,FALSE,FALSE,01/24/2025,Mission Street at 3rd Street,94105
30270-9852,1,202501,LOS_ANGELES,V2V F2R,TRUE,FALSE,FALSE,TRUE,FALSE,FALSE,01/23/2025,Bundy Drive near Tennessee Avenue,90064
30270-9851,1,202501,LOS_ANGELES,V2V Intersection,TRUE,FALSE,FALSE,FALSE,FALSE,FALSE,1/25/2025,W 3rd Street at S Hill Street,90014
30270-9850,1,202501,SAN_FRANCISCO,V2V Lateral,TRUE,TRUE,FALSE,FALSE,FALSE,FALSE,01/28/2025,20th Street near Florida Street,94110
30270-9848,1,202501,PHOENIX,Single Vehicle,TRUE,TRUE,FALSE,FALSE,FALSE,FALSE,01/01/2025,3400 block of E Yale Street,85008
30270-9845,1,202501,PHOENIX,V2V F2R,TRUE,FALSE,FALSE,FALSE,FALSE,FALSE,01/29/2025,E. Highland Avenue at N. Scottsdale Road,85251
30270-9843,1,202501,AUSTIN,V2V F2R,TRUE,FALSE,FALSE,FALSE,FALSE,FALSE,01/01/2025,E Cesar Chavez Street at Sabine Street,78701
30270-9824,1,202501,SAN_FRANCISCO,V2V Lateral,TRUE,TRUE,FALSE,FALSE,FALSE,FALSE,01/29/2025,Minna Street at 6th Street,94103
30270-9823,1,202501,PHOENIX,Single Vehicle,TRUE,TRUE,FALSE,FALSE,FALSE,FALSE,01/01/2025,W 5th Street at S Albert Avenue,85281
30270-9822,1,202501,PHOENIX,All Others,TRUE,TRUE,FALSE,FALSE,FALSE,FALSE,01/30/2025,S. McClintock Road at E. Hayden Lane,85281
30270-9821,1,202501,SAN_FRANCISCO,All Others,TRUE,FALSE,FALSE,FALSE,FALSE,FALSE,,,
30270-9808,1,202501,SAN_FRANCISCO,Single Vehicle,TRUE,FALSE,FALSE,FALSE,FALSE,FALSE,01/31/2025,5th Street and Shipley,94107
30270-9807,2,202501,SAN_FRANCISCO,V2V F2R,TRUE,FALSE,FALSE,TRUE,FALSE,FALSE,01/31/2025,S Van Ness Avenue near 18th Street,94133
30270-9806,1,202501,SAN_FRANCISCO,All Others,TRUE,TRUE,FALSE,FALSE,FALSE,FALSE,01/30/2025,Filbert Street near Jones Street.,94133
30270-9791,1,202501,SAN_FRANCISCO,V2V Lateral,TRUE,FALSE,FALSE,FALSE,FALSE,FALSE,01/29/2025,Montgomery Street and Sutter Street,94104
30270-9767,1,202501,LOS_ANGELES,V2V F2R,TRUE,FALSE,FALSE,FALSE,TRUE,FALSE,01/27/2025,East 4th Street at San Pedro Street,90013
30270-9765,1,202501,LOS_ANGELES,V2V F2R,TRUE,FALSE,FALSE,FALSE,FALSE,FALSE,01/26/2025,Highland Avenue near Selma Avenue,90028
30270-9764,1,202501,SAN_FRANCISCO,All Others,TRUE,TRUE,FALSE,FALSE,FALSE,FALSE,01/25/2025,Central Avenue near McAllister Street,94118
30270-9763,1,202501,LOS_ANGELES,Single Vehicle,TRUE,TRUE,FALSE,FALSE,FALSE,FALSE,01/24/2025,Parking lot near 8280 Santa Monica Boulevard,90046
30270-9761,2,202501,PHOENIX,Motorcycle,TRUE,FALSE,TRUE,TRUE,FALSE,FALSE,01/28/2025,West Rio Salado Parkway at N Alma School Road,85201
30270-9738,1,202501,SAN_FRANCISCO,V2V F2R,TRUE,FALSE,TRUE,FALSE,TRUE,FALSE,1/21/2025,Eddy Street at Laguna Street,94109
30270-9737,1,202501,LOS_ANGELES,V2V F2R,TRUE,FALSE,FALSE,FALSE,TRUE,FALSE,01/20/2025,S. Park View Street near Wilshire Boulevard,90057
30270-9736,1,202501,PHOENIX,V2V Lateral,TRUE,TRUE,TRUE,FALSE,FALSE,FALSE,01/18/2025,E. Roosevelt Street at N. Granite Reef Road,85257
30270-9735,1,202501,SAN_FRANCISCO,V2V Lateral,TRUE,FALSE,FALSE,FALSE,FALSE,FALSE,01/18/2025,Lake Merced Boulevard near Brotherhood Way,94132
30270-9724,2,202501,SAN_FRANCISCO,Secondary Crash,TRUE,FALSE,TRUE,TRUE,TRUE,TRUE,01/19/2025,6th Street near Harrison Street,94103
30270-9721,1,202501,SAN_FRANCISCO,V2V F2R,TRUE,FALSE,FALSE,FALSE,FALSE,FALSE,01/15/2025,Stockton Street at Market Street,94102
30270-9654,2,202501,SAN_FRANCISCO,Cyclist,TRUE,FALSE,FALSE,FALSE,FALSE,FALSE,01/13/2025,Kearny Street at Pine Street,94104
30270-9635,1,202501,SAN_FRANCISCO,V2V F2R,TRUE,FALSE,FALSE,FALSE,FALSE,FALSE,01/10/2025,Duboce Avenue at Valencia Street,94103
30270-9634,1,202501,PHOENIX,V2V F2R,TRUE,FALSE,TRUE,TRUE,FALSE,FALSE,01/09/2025,40th Street at E. University Drive,85040
30270-9631,2,202501,PHOENIX,V2V F2R,TRUE,FALSE,FALSE,TRUE,FALSE,FALSE,01/09/2025,N. 40th Street at E. Indianola Avenue,85018
30270-9606,1,202501,SAN_FRANCISCO,V2V Lateral,TRUE,FALSE,FALSE,FALSE,FALSE,FALSE,01/08/2025,Main Street near Mission Street,94105
30270-9565,1,202501,LOS_ANGELES,All Others,TRUE,FALSE,TRUE,FALSE,FALSE,FALSE,01/06/2025,near 8932 Carson Street,90232
30270-9552,1,202501,AUSTIN,V2V Backing,TRUE,FALSE,TRUE,FALSE,FALSE,FALSE,01/03/2025,S Congress Avenue at W Riverside Drive,78704
30270-9537,1,202501,SAN_FRANCISCO,V2V Lateral,FALSE,FALSE,FALSE,FALSE,FALSE,FALSE,01/01/2025,Bay Street at Polk Street,94109
30270-10089,1,202501,LOS_ANGELES,All Others,TRUE,FALSE,FALSE,TRUE,FALSE,FALSE,,,
30270-9682,2,202412,SAN_FRANCISCO,V2V F2R,TRUE,TRUE,FALSE,FALSE,FALSE,FALSE,12/07/2024,Cyril Magnin Street at Ellis Street,94104
30270-9609,1,202412,PHOENIX,V2V Lateral,TRUE,TRUE,FALSE,FALSE,FALSE,FALSE,12/18/2024,near 909 E. Apache Boulevard,85281
30270-9604,1,202412,LOS_ANGELES,Single Vehicle,TRUE,TRUE,FALSE,FALSE,FALSE,FALSE,12/20/2024,parking lot at 8985 Venice Boulevard,90034
30270-9603,1,202412,LOS_ANGELES,V2V F2R,TRUE,FALSE,FALSE,FALSE,FALSE,FALSE,12/19/2024,West Boulevard at St. Charles Place,90019
30270-9602,1,202412,SAN_FRANCISCO,V2V F2R,TRUE,FALSE,FALSE,FALSE,FALSE,FALSE,12/20/2024,Grove Street at Franklin Street,94102
30270-9601,1,202412,SAN_FRANCISCO,V2V Head-on,TRUE,TRUE,FALSE,FALSE,FALSE,FALSE,12/20/2024,Stevenson Street at 3rd Street,94103
30270-9600,1,202412,LOS_ANGELES,V2V Backing,TRUE,TRUE,TRUE,FALSE,FALSE,FALSE,12/20/2024,W. Olympic Boulevard at S. Beverly Drive,90212
30270-9599,1,202412,PHOENIX,V2V Backing,TRUE,TRUE,FALSE,FALSE,FALSE,FALSE,12/20/2024,near 959 E. University Drive,85288
30270-9598,1,202412,PHOENIX,Single Vehicle,TRUE,TRUE,FALSE,FALSE,FALSE,FALSE,12/19/2024,E. University Drive at the underpass of Hohokam Expressway,85040
30270-9596,1,202412,PHOENIX,V2V Lateral,TRUE,TRUE,FALSE,FALSE,FALSE,FALSE,12/18/2024,Shopping center parking lot near 4701 N 7th Street,85014
30270-9595,1,202412,SAN_FRANCISCO,V2V Lateral,TRUE,FALSE,FALSE,FALSE,FALSE,FALSE,12/18/2024,Kearny Street near Hardie Place,94108
30270-9594,1,202412,LOS_ANGELES,V2V F2R,TRUE,FALSE,FALSE,FALSE,FALSE,FALSE,12/21/2024,S. Western Avenue at W. 8th Street,90005
30270-9592,1,202412,SAN_FRANCISCO,V2V Lateral,TRUE,TRUE,FALSE,FALSE,FALSE,FALSE,12/21/2024,Mason Street near Sacramento Street,94108
30270-9591,1,202412,PHOENIX,V2V F2R,TRUE,FALSE,FALSE,FALSE,FALSE,FALSE,12/21/2024,E. Glendale Avenue near N. 12th Street,85020
30270-9590,1,202412,SAN_FRANCISCO,V2V F2R,TRUE,FALSE,FALSE,FALSE,FALSE,FALSE,12/22/2024,Alemany Boulevard at Ocean Avenue,94112
30270-9589,1,202412,LOS_ANGELES,V2V F2R,TRUE,FALSE,FALSE,FALSE,FALSE,FALSE,12/22/2024,Beverly Boulevard at S. Bonnie Brae Street,90057
30270-9588,1,202412,LOS_ANGELES,V2V F2R,TRUE,FALSE,FALSE,FALSE,FALSE,FALSE,12/22/2024,Venice Boulevard at Hauser Boulvard,90019
30270-9587,1,202412,SAN_FRANCISCO,V2V Lateral,TRUE,TRUE,FALSE,FALSE,FALSE,FALSE,12/22/2024,Bush Street at Sansome Street,94104
30270-9586,1,202412,SAN_FRANCISCO,V2V Head-on,TRUE,FALSE,FALSE,FALSE,FALSE,FALSE,12/23/2024,Harriet Street near Howard Street,94103
30270-9585,1,202412,AUSTIN,V2V Backing,TRUE,TRUE,FALSE,FALSE,FALSE,FALSE,12/17/2024,parking lot near 6321 E Stassney Lane,78744
30270-9584,1,202412,LOS_ANGELES,V2V Head-on,TRUE,TRUE,FALSE,FALSE,FALSE,FALSE,12/17/2024,Venezia Avenue near Zeno Place,90291
30270-9583,1,202412,SAN_FRANCISCO,V2V F2R,TRUE,FALSE,FALSE,TRUE,FALSE,FALSE,12/17/2024,Bush Street at Battery Street,94104
30270-9582,1,202412,SAN_FRANCISCO,V2V Lateral,TRUE,TRUE,FALSE,FALSE,FALSE,FALSE,12/16/2024,Jessie Street near Annie Street,94105
30270-9580,1,202412,SAN_FRANCISCO,V2V Backing,TRUE,TRUE,TRUE,FALSE,FALSE,FALSE,12/16/2024,Toland Street at Jerrold Avenue,94124
30270-9579,1,202412,SAN_FRANCISCO,V2V Lateral,TRUE,TRUE,FALSE,FALSE,FALSE,FALSE,12/15/2024,Sutter Street at Grant Avenue,94108
30270-9575,1,202412,SAN_FRANCISCO,V2V Lateral,TRUE,TRUE,FALSE,FALSE,FALSE,FALSE,12/14/2024,Alabama Street at Cesar Chavez Street,94110
30270-9574,1,202412,LOS_ANGELES,V2V Lateral,FALSE,FALSE,FALSE,FALSE,FALSE,FALSE,12/14/2024,15th Street near Alta Avenue,90402
30270-9573,1,202412,AUSTIN,V2V Lateral,FALSE,FALSE,FALSE,FALSE,FALSE,FALSE,12/14/2024,E. 8th Street near Comal Street,78702
30270-9572,1,202412,SAN_FRANCISCO,V2V Lateral,TRUE,TRUE,FALSE,FALSE,FALSE,FALSE,12/14/2024,16th Street at Market Street,94114
30270-9571,1,202412,PHOENIX,V2V Lateral,FALSE,FALSE,FALSE,FALSE,FALSE,FALSE,12/23/2024,W. Alta Vista Road at 7th Avenue,85041
30270-9570,1,202412,SAN_FRANCISCO,V2V Lateral,FALSE,FALSE,FALSE,FALSE,FALSE,FALSE,12/24/2024,Bay Street near Polk Street,94109
30270-9569,1,202412,PHOENIX,All Others,TRUE,TRUE,FALSE,FALSE,FALSE,FALSE,12/24/2024,McDowell Road at N. 11th Avenue,85007
30270-9568,1,202412,SAN_FRANCISCO,V2V Backing,TRUE,TRUE,FALSE,FALSE,FALSE,FALSE,12/12/2024,Elizabeth Street near Sanchez Street,94114
30270-9567,1,202412,PHOENIX,V2V Backing,FALSE,FALSE,FALSE,FALSE,FALSE,FALSE,12/13/2024,E. Roosevelt Street near N. 33rd Street,85008
30270-9566,1,202412,SAN_FRANCISCO,Single Vehicle,TRUE,TRUE,FALSE,FALSE,FALSE,FALSE,12/11/2024,Bayshore Boulevard at Silver Avenue,94124
30270-9564,1,202412,SAN_FRANCISCO,V2V Lateral,TRUE,TRUE,TRUE,FALSE,FALSE,FALSE,12/11/2024,Montgomery Street at Pacific Avenue,94133
30270-9563,1,202412,LOS_ANGELES,V2V F2R,TRUE,FALSE,FALSE,FALSE,FALSE,FALSE,12/27/2024,Westwood Boulevard near Santa Monica Boulevard,90024
30270-9561,1,202412,LOS_ANGELES,Single Vehicle,TRUE,TRUE,FALSE,FALSE,FALSE,FALSE,12/11/2024,Corbett Street at West Jefferson Boulevard,90016
30270-9560,1,202412,LOS_ANGELES,All Others,TRUE,TRUE,FALSE,FALSE,FALSE,FALSE,12/27/2024,Melrose Avenue at La Cienega Boulevard,90069
30270-9559,1,202412,PHOENIX,V2V Lateral,TRUE,FALSE,FALSE,FALSE,FALSE,FALSE,12/09/2024,East Lincoln Drive at North Scottsdale Road,85250
30270-9557,1,202412,LOS_ANGELES,V2V Head-on,TRUE,TRUE,FALSE,FALSE,FALSE,FALSE,12/27/2024,Camerford Avenue near N. Gower Street,90038
30270-9556,1,202412,LOS_ANGELES,V2V F2R,TRUE,FALSE,FALSE,FALSE,FALSE,FALSE,12/07/2024,South Catalina Street at San Marino Street,90006
30270-9555,1,202412,PHOENIX,V2V Backing,FALSE,FALSE,FALSE,FALSE,FALSE,FALSE,12/07/2024,North Village Drive at East Camelback Road,85018
30270-9554,1,202412,PHOENIX,V2V Backing,FALSE,FALSE,FALSE,FALSE,FALSE,FALSE,12/29/2024,W. 10th Avenue at S. Robson,85210
30270-9553,1,202412,SAN_FRANCISCO,V2V F2R,TRUE,FALSE,FALSE,FALSE,FALSE,FALSE,12/31/2024,Franklin Street and California Street,94109
30270-9546,1,202412,SAN_FRANCISCO,V2V Lateral,TRUE,TRUE,FALSE,FALSE,FALSE,FALSE,12/07/2024,Stevenson Street at 3rd Street,94105
30270-9545,1,202412,SAN_FRANCISCO,V2V Head-on,TRUE,FALSE,FALSE,FALSE,FALSE,FALSE,12/06/2024,Mariposa Street at Interstate 280 onramp,94107
30270-9544,1,202412,PHOENIX,V2V Intersection,TRUE,FALSE,FALSE,FALSE,FALSE,FALSE,12/06/2024,N. 26th Street near E. Camelback Road,85016
30270-9541,1,202412,PHOENIX,V2V Lateral,TRUE,TRUE,TRUE,TRUE,FALSE,FALSE,12/03/2024,East Camelback Road near North 16th Street,85014
30270-9540,1,202412,SAN_FRANCISCO,V2V Backing,TRUE,TRUE,FALSE,FALSE,FALSE,FALSE,12/02/2024,Clayton Street near Carl Street,94117
30270-9539,1,202412,SAN_FRANCISCO,Single Vehicle,TRUE,TRUE,FALSE,FALSE,FALSE,FALSE,12/01/2024,Kearny Street at California Street,94108
30270-9534,2,202412,SAN_FRANCISCO,V2V Lateral,TRUE,TRUE,FALSE,FALSE,FALSE,FALSE,12/30/2024,Leavenworth Street at Turk Street,94102
30270-9517,1,202412,LOS_ANGELES,Single Vehicle,TRUE,TRUE,FALSE,FALSE,FALSE,FALSE,12/27/2024,Sepulveda Boulevard near Berryman Avenue.,90230
30270-9508,1,202412,PHOENIX,V2V F2R,TRUE,FALSE,FALSE,FALSE,TRUE,FALSE,12/27/2024,E Shea Boulevard near N 54th Street,85254
30270-9507,1,202412,SAN_FRANCISCO,V2V Lateral,TRUE,TRUE,TRUE,FALSE,FALSE,FALSE,12/26/2024,Polk Street near Hayes Street,94109
30270-9486,1,202412,SAN_FRANCISCO,V2V F2R,TRUE,FALSE,FALSE,FALSE,FALSE,FALSE,12/20/2024,S. Van Ness Avenue near 19th Street,94110
30270-9459,2,202412,SAN_FRANCISCO,Pedestrian,TRUE,FALSE,TRUE,TRUE,FALSE,FALSE,12/18/2024,Fair Avenue at Mission Street,94110
30270-9391,2,202412,SAN_FRANCISCO,V2V F2R,TRUE,FALSE,FALSE,FALSE,FALSE,FALSE,12/14/2024,O'Farrell Street between Larkin Street and Hyde Street,94109
30270-9389,1,202412,SAN_FRANCISCO,All Others,TRUE,TRUE,FALSE,FALSE,FALSE,FALSE,12/10/2024,New Montgomery Street at Jessie Street,94105
30270-9388,1,202412,SAN_FRANCISCO,V2V F2R,TRUE,FALSE,FALSE,FALSE,FALSE,FALSE,12/10/2024,Geary Boulevard at Gough Street,94109
30270-9334,2,202412,SAN_FRANCISCO,V2V Intersection,TRUE,FALSE,FALSE,FALSE,FALSE,FALSE,12/11/2024,Clay Street at Wetmore Street,94108
30270-9333,1,202412,SAN_FRANCISCO,V2V Lateral,TRUE,TRUE,TRUE,FALSE,FALSE,FALSE,12/07/2024,Mason Street at Eddy Street,94102
30270-9330,1,202412,LOS_ANGELES,V2V Head-on,TRUE,FALSE,TRUE,FALSE,FALSE,FALSE,12/07/2024,South Sepulveda Boulevard at Ohio Avenue,90025
30270-9329,1,202412,PHOENIX,V2V F2R,TRUE,FALSE,TRUE,FALSE,FALSE,FALSE,12/07/2024,East Roosevelt Street at North 16th Street,85006
30270-9326,2,202412,SAN_FRANCISCO,V2V F2R,TRUE,FALSE,FALSE,FALSE,FALSE,FALSE,12/10/2024,Broadway and Stockton Street,94133
30270-9312,2,202412,SAN_FRANCISCO,Motorcycle,TRUE,FALSE,FALSE,FALSE,FALSE,FALSE,12/03/2024,Van Ness Avenue at Turk Street,94102
30270-9295,2,202412,SAN_FRANCISCO,Cyclist,TRUE,FALSE,FALSE,FALSE,FALSE,FALSE,12/06/2024,6th Street at Natoma Street,94103
30270-9287,2,202412,LOS_ANGELES,Single Vehicle,TRUE,TRUE,FALSE,TRUE,FALSE,FALSE,12/02/2024,Clayton Street near Carl Street,94117
30270-9286,2,202412,PHOENIX,V2V F2R,TRUE,FALSE,FALSE,FALSE,FALSE,FALSE,12/05/2024,North Stanley Place at West Joshua Boulevard,85226
30270-9285,2,202412,SAN_FRANCISCO,V2V Backing,TRUE,TRUE,FALSE,FALSE,FALSE,FALSE,12/05/2024,Rhode Island Street near 24th Street,94107
30270-10004,1,202412,SAN_FRANCISCO,V2V Lateral,FALSE,FALSE,FALSE,FALSE,FALSE,FALSE,12/30/2024,Oak Street at Laguna Street,94102
30270-9684,1,202411,PHOENIX,All Others,TRUE,TRUE,FALSE,FALSE,FALSE,FALSE,11/17/2024,E Indian Plaza at N Civic Center Plaza,85251
30270-9442,1,202411,PHOENIX,Single Vehicle,TRUE,TRUE,FALSE,FALSE,FALSE,FALSE,11/16/2024,North McClintock Drive at West Tyson Street,85226
30270-9437,1,202411,SAN_FRANCISCO,All Others,TRUE,TRUE,FALSE,FALSE,FALSE,FALSE,11/29/2024,Green Street near Jasper Place,94133
30270-9436,1,202411,LOS_ANGELES,V2V Lateral,TRUE,TRUE,FALSE,FALSE,FALSE,FALSE,11/29/2024,S. Santa Monica Boulevard at Rodeo Drive,90210
30270-9435,1,202411,LOS_ANGELES,V2V Backing,FALSE,FALSE,FALSE,FALSE,FALSE,FALSE,11/29/2024,S. Hayworth Avenue near Pickford Street,90035
30270-9434,1,202411,LOS_ANGELES,V2V Lateral,TRUE,TRUE,FALSE,FALSE,FALSE,FALSE,11/26/2024,shopping center located near 3816 Sepulveda Boulevard,90230
30270-9433,1,202411,SAN_FRANCISCO,V2V F2R,TRUE,FALSE,FALSE,FALSE,FALSE,FALSE,11/25/2024,S. Van Ness Avenue at Mission Street,94103
30270-9431,1,202411,LOS_ANGELES,V2V Lateral,TRUE,FALSE,FALSE,FALSE,FALSE,FALSE,11/25/2024,W. Washington Boulevard near S. Burlington Avenue,90015
30270-9430,1,202411,PHOENIX,V2V F2R,TRUE,FALSE,FALSE,FALSE,FALSE,FALSE,11/24/2024,E. Fillmore Street at N. 3rd Street,85004
30270-9429,1,202411,SAN_FRANCISCO,V2V Lateral,FALSE,FALSE,FALSE,FALSE,FALSE,FALSE,11/24/2024,Phelps Street near Galvez Avenue,94124
30270-9427,1,202411,LOS_ANGELES,V2V F2R,TRUE,FALSE,FALSE,FALSE,FALSE,FALSE,11/08/2024,Obama Boulevard near Sycamore Avenue,90016
30270-9426,1,202411,SAN_FRANCISCO,V2V Intersection,TRUE,FALSE,FALSE,FALSE,FALSE,FALSE,11/07/2024,Front Street at Pine Street,94111
30270-9420,1,202411,SAN_FRANCISCO,All Others,TRUE,TRUE,FALSE,FALSE,FALSE,FALSE,11/03/2024,1975 4th Street,94158
30270-9419,1,202411,SAN_FRANCISCO,V2V Intersection,TRUE,FALSE,FALSE,FALSE,FALSE,FALSE,11/03/2024,Cesar Chavez Street at Guerrero Street,94110
30270-9418,1,202411,SAN_FRANCISCO,V2V F2R,TRUE,FALSE,FALSE,FALSE,FALSE,FALSE,11/02/2024,15th Street at Market Street,94114
30270-9417,1,202411,PHOENIX,V2V Head-on,TRUE,TRUE,FALSE,FALSE,FALSE,FALSE,11/02/2024,E. McKinley Street near Hayden Road,85257
30270-9414,1,202411,SAN_FRANCISCO,V2V F2R,FALSE,FALSE,FALSE,FALSE,FALSE,FALSE,11/30/2024,Colin P Kelly Jr Street near Townsend Street,94107
30270-9413,1,202411,SAN_FRANCISCO,V2V Lateral,TRUE,TRUE,FALSE,FALSE,FALSE,FALSE,11/14/2024,2nd Street at Brannan Street,94107
30270-9412,1,202411,SAN_FRANCISCO,V2V F2R,TRUE,FALSE,FALSE,FALSE,FALSE,FALSE,11/01/2024,9th Street at Mission Street,94103
30270-9411,1,202411,PHOENIX,V2V F2R,TRUE,FALSE,TRUE,TRUE,FALSE,FALSE,11/21/2024,Rural Road at East Baseline Road,85283
30270-9410,1,202411,PHOENIX,Single Vehicle,TRUE,TRUE,FALSE,FALSE,FALSE,FALSE,11/16/2024,North Alma School Road at West El Monte Place,85224
30270-9409,1,202411,PHOENIX,V2V Head-on,TRUE,FALSE,FALSE,FALSE,FALSE,FALSE,11/16/2024,N Civic Center Plaza at E Indian Plaza,85251
30270-9408,1,202411,SAN_FRANCISCO,V2V F2R,TRUE,TRUE,TRUE,FALSE,FALSE,FALSE,11/01/2024,Pine Street at Pierce Street,94115
30270-9407,1,202411,SAN_FRANCISCO,V2V Lateral,TRUE,TRUE,FALSE,FALSE,TRUE,FALSE,11/01/2024,Pine Street at Front Street,94111
30270-9406,1,202411,LOS_ANGELES,All Others,TRUE,TRUE,FALSE,FALSE,FALSE,FALSE,11/10/2024,South Spruce Avenue at South Inglewood Avenue,90301
30270-9405,1,202411,LOS_ANGELES,V2V Head-on,TRUE,TRUE,FALSE,FALSE,FALSE,FALSE,11/17/2024,Holloway Drive at Hacienda Place,90069
30270-9404,1,202411,LOS_ANGELES,V2V F2R,TRUE,FALSE,TRUE,FALSE,FALSE,FALSE,11/18/2024,Wilshire Boulevard at Bonsall Avenue.,90049
30270-9403,1,202411,SAN_FRANCISCO,V2V Head-on,TRUE,TRUE,TRUE,FALSE,FALSE,FALSE,11/18/2024,Cesar Chavez Street at Diamond Street,94131
30270-9402,1,202411,SAN_FRANCISCO,V2V Lateral,TRUE,FALSE,FALSE,FALSE,FALSE,FALSE,11/18/2024,Battery Street at Bush Street,94111
30270-9401,1,202411,SAN_FRANCISCO,V2V Lateral,TRUE,TRUE,FALSE,FALSE,FALSE,FALSE,11/21/2024,Townsend Street at 7th Street,94103
30270-9400,1,202411,PHOENIX,V2V Lateral,TRUE,TRUE,TRUE,FALSE,FALSE,FALSE,11/21/2024,East Camelback Road at North 24th Street,85016
30270-9376,1,202411,SAN_FRANCISCO,V2V Lateral,FALSE,FALSE,FALSE,FALSE,FALSE,FALSE,11/27/2024,Divisadero Street at Oak Street,94117
30270-9374,1,202411,SAN_FRANCISCO,V2V Backing,TRUE,FALSE,FALSE,FALSE,FALSE,FALSE,11/30/2024,Kearny Street at Broadway,94133
30270-9373,1,202411,SAN_FRANCISCO,V2V Head-on,TRUE,FALSE,FALSE,FALSE,FALSE,FALSE,11/14/2024,Douglass Street at 24th Street,94114
30270-9372,1,202411,PHOENIX,Single Vehicle,TRUE,TRUE,FALSE,FALSE,FALSE,FALSE,11/14/2024,Washington Street at South 44th Street,85008
30270-9371,1,202411,LOS_ANGELES,V2V F2R,TRUE,FALSE,FALSE,FALSE,FALSE,FALSE,11/14/2024,West Olympic Boulevard at Normandie Avenue,90006
30270-9363,1,202411,LOS_ANGELES,V2V F2R,TRUE,FALSE,FALSE,FALSE,FALSE,FALSE,11/14/2024,Santa Monica Boulevard at Armacost Avenue,90025
30270-9355,1,202411,PHOENIX,Single Vehicle,TRUE,TRUE,FALSE,FALSE,FALSE,FALSE,11/13/2024,East Apache Boulevard near South McClintock Drive,85281
30270-9350,1,202411,SAN_FRANCISCO,V2V Lateral,FALSE,FALSE,FALSE,FALSE,FALSE,FALSE,11/12/2024,37th Avenue near Quintara Street,94116
30270-9347,1,202411,LOS_ANGELES,V2V F2R,TRUE,FALSE,FALSE,FALSE,FALSE,FALSE,11/11/2024,West 3rd Street at South Wilton Place,90020
30270-9343,1,202411,SAN_FRANCISCO,V2V F2R,TRUE,FALSE,FALSE,FALSE,FALSE,FALSE,11/10/2024,South Van Ness Avenue at 15th Street,94103
30270-9341,1,202411,SAN_FRANCISCO,V2V Backing,TRUE,FALSE,FALSE,FALSE,FALSE,FALSE,11/09/2024,Missouri Street at 16th Street,94107
30270-9276,2,202411,LOS_ANGELES,All Others,TRUE,TRUE,FALSE,TRUE,FALSE,FALSE,11/29/2024,Santa Monica Boulevard near Laurel Avenue,90046
30270-9269,1,202411,SAN_FRANCISCO,V2V F2R,TRUE,FALSE,FALSE,FALSE,FALSE,FALSE,11/27/2024,Barneveld Avenue at Jerrold Avenue,94124
30270-9260,1,202411,PHOENIX,V2V Lateral,TRUE,FALSE,FALSE,FALSE,FALSE,FALSE,11/26/2024,Priest Drive at Southern Avenue,85282
30270-9259,1,202411,LOS_ANGELES,V2V Intersection,TRUE,FALSE,TRUE,TRUE,FALSE,FALSE,11/26/2024,Venice Boulevard at Vermont Avenue,90006
30270-9234,2,202411,LOS_ANGELES,Pedestrian,TRUE,FALSE,FALSE,TRUE,FALSE,FALSE,11/23/2024,Newton Street near S. Central Avenue,90021
30270-9231,1,202411,AUSTIN,V2V Intersection,TRUE,FALSE,TRUE,FALSE,FALSE,FALSE,11/22/2024,East Ben White Boulevard at South Congress Avenue,78704
30270-9230,1,202411,SAN_FRANCISCO,V2V Lateral,TRUE,TRUE,FALSE,FALSE,FALSE,FALSE,11/19/2024,3rd Street at Harrison Street,94107
30270-9229,1,202411,SAN_FRANCISCO,V2V F2R,TRUE,FALSE,FALSE,FALSE,FALSE,FALSE,11/18/2024,Van Ness Avenue at Ellis Street,94109
30270-9214,1,202411,SAN_FRANCISCO,V2V Lateral,FALSE,FALSE,FALSE,FALSE,FALSE,FALSE,11/16/2024,Roosevelt Avenue at Hanover Street,94014
30270-9212,1,202411,AUSTIN,All Others,FALSE,FALSE,FALSE,FALSE,FALSE,FALSE,11/15/2024,Ponca Street at Culp Street,78741
30270-9203,1,202411,PHOENIX,All Others,TRUE,TRUE,FALSE,FALSE,FALSE,FALSE,11/14/2024,East Monroe Street at North 2nd Street,85004
30270-9194,2,202411,PHOENIX,V2V Intersection,TRUE,FALSE,FALSE,FALSE,FALSE,FALSE,11/15/2024,S Rural Road near E University Dr,85281
30270-9191,1,202411,PHOENIX,V2V Backing,TRUE,TRUE,FALSE,FALSE,FALSE,FALSE,10/31/2024,East 7th Street at South Mill Avenue,85281
30270-9170,1,202411,SAN_FRANCISCO,V2V F2R,TRUE,FALSE,FALSE,FALSE,FALSE,FALSE,11/12/2024,Gough Street at Ellis Street,94109
30270-9167,1,202411,SAN_FRANCISCO,V2V Lateral,TRUE,TRUE,TRUE,FALSE,FALSE,FALSE,11/12/2024,Front Street at Market Street,94111
30270-9156,1,202411,SAN_FRANCISCO,All Others,TRUE,FALSE,TRUE,FALSE,TRUE,FALSE,11/10/2024,Bay Street at Mason Street,94133
30270-9082,1,202411,PHOENIX,Single Vehicle,TRUE,TRUE,FALSE,FALSE,FALSE,FALSE,11/7/2024,N. Scottsdale Road near E. Curry Road,85288
30270-9081,2,202411,PHOENIX,V2V F2R,TRUE,FALSE,TRUE,TRUE,FALSE,FALSE,11/07/2024,N. 19th Avenue at Bethany Home Road,85015
30270-9061,1,202411,SAN_FRANCISCO,V2V Lateral,TRUE,TRUE,FALSE,FALSE,FALSE,FALSE,11/04/2024,Fillmore Street near Geary Boulevard,94115
30270-9060,1,202411,LOS_ANGELES,Secondary Crash,TRUE,FALSE,TRUE,FALSE,TRUE,FALSE,11/04/2024,Culver Boulevard near Sepulveda Boulevard,90230
30270-9059,2,202411,LOS_ANGELES,V2V Backing,TRUE,FALSE,FALSE,FALSE,FALSE,FALSE,11/07/2024,San Marino Street near Normandie Avenue,90006
30270-9039,2,202411,SAN_FRANCISCO,V2V Lateral,TRUE,TRUE,FALSE,FALSE,FALSE,FALSE,11/06/2024,Bryant Street at 3rd Street,94107
30270-9015,2,202411,LOS_ANGELES,Cyclist,TRUE,FALSE,FALSE,TRUE,FALSE,FALSE,11/02/2024,Selma Avenue near Cahuenga Boulevard,90028
30270-9190,1,202410,PHOENIX,All Others,FALSE,FALSE,FALSE,FALSE,FALSE,FALSE,10/31/2024,North Randolph Road at East Osborn Road,85014
30270-9189,1,202410,SAN_FRANCISCO,V2V Intersection,FALSE,FALSE,FALSE,FALSE,FALSE,FALSE,10/30/2024,10th Street at Bryant Street,94103
30270-9188,1,202410,SAN_FRANCISCO,V2V Lateral,TRUE,TRUE,FALSE,FALSE,FALSE,FALSE,10/30/2024,Grant Avenue at Pine Street,94108
30270-9187,1,202410,SAN_FRANCISCO,V2V Intersection,TRUE,TRUE,FALSE,FALSE,FALSE,FALSE,10/30/2024,6th Street at Natoma Street,94103
30270-9186,1,202410,SAN_FRANCISCO,V2V F2R,TRUE,FALSE,TRUE,FALSE,FALSE,FALSE,10/29/2024,Bush Street near Kearny Street,94108
30270-9185,1,202410,AUSTIN,V2V F2R,TRUE,FALSE,FALSE,FALSE,FALSE,FALSE,10/29/2024,East Stassney Lane at Burleson Road,78744
30270-9184,1,202410,LOS_ANGELES,V2V F2R,TRUE,FALSE,FALSE,FALSE,FALSE,FALSE,10/29/2024,West Centinela Avenue at Sepulveda Boulevard,90045
30270-9183,1,202410,SAN_FRANCISCO,V2V Backing,TRUE,FALSE,TRUE,FALSE,FALSE,FALSE,10/16/2024,Stockton Street near Pine Street,94108
30270-9182,1,202410,PHOENIX,V2V F2R,TRUE,FALSE,TRUE,FALSE,FALSE,FALSE,10/28/2024,North 40th Street at East Indian School Road,85018
30270-9181,1,202410,PHOENIX,V2V F2R,TRUE,FALSE,FALSE,FALSE,FALSE,FALSE,10/28/2024,South Avenida del Yaqui at Calle Cerritos,85283
30270-9180,1,202410,AUSTIN,V2V Intersection,TRUE,FALSE,FALSE,FALSE,FALSE,FALSE,10/16/2024,Rio Grande Street at W. 28th Street,78705
30270-9179,1,202410,SAN_FRANCISCO,V2V Lateral,TRUE,TRUE,FALSE,FALSE,FALSE,FALSE,10/27/2024,Berry Street near 3rd Street,94107
30270-9178,1,202410,LOS_ANGELES,V2V Lateral,FALSE,FALSE,FALSE,FALSE,FALSE,FALSE,10/14/2024,Exposition Corridor Bike Path near Cardiff Avenue,90034
30270-9177,1,202410,SAN_FRANCISCO,All Others,TRUE,TRUE,FALSE,FALSE,FALSE,FALSE,10/27/2024,Geary Boulevard at Scott Street,94115
30270-9176,1,202410,SAN_FRANCISCO,V2V Lateral,TRUE,FALSE,FALSE,FALSE,FALSE,FALSE,10/14/2024,Starr King Way at Franklin Street,94109
30270-9175,1,202410,SAN_FRANCISCO,V2V Backing,TRUE,TRUE,FALSE,FALSE,FALSE,FALSE,10/13/2024,Persia Avenue at Moscow Street,94112
30270-9173,1,202410,LOS_ANGELES,V2V F2R,TRUE,FALSE,FALSE,FALSE,FALSE,FALSE,10/13/2024,W. Adams Boulevard at Menlo Avenue,90007
30270-9172,1,202410,SAN_FRANCISCO,V2V Head-on,TRUE,FALSE,FALSE,FALSE,FALSE,FALSE,10/12/2024,Post Street at Taylor Street,94109
30270-9171,1,202410,SAN_FRANCISCO,V2V Lateral,TRUE,TRUE,FALSE,FALSE,FALSE,FALSE,10/12/2024,Powell Street at Union Street,94133
30270-9141,1,202410,PHOENIX,V2V Lateral,TRUE,TRUE,FALSE,FALSE,FALSE,FALSE,10/18/2024,S. 1st Street near Washington Street,85004
30270-9140,1,202410,SAN_FRANCISCO,V2V Intersection,TRUE,FALSE,FALSE,FALSE,FALSE,FALSE,10/18/2024,Richland Avenue at Arlington Street,94131
30270-9127,1,202410,SAN_FRANCISCO,V2V Backing,TRUE,TRUE,TRUE,FALSE,FALSE,FALSE,10/10/2024,Hyde Street at Delgado Place,94109
30270-9126,1,202410,LOS_ANGELES,Single Vehicle,TRUE,TRUE,FALSE,FALSE,FALSE,FALSE,10/9/2024,Santa Monica Boulevard at Manning Avenue,90024
30270-9125,1,202410,SAN_FRANCISCO,V2V F2R,TRUE,FALSE,FALSE,FALSE,FALSE,FALSE,10/08/2024,6th Street at Jessie Street,94103
30270-9123,1,202410,PHOENIX,V2V Intersection,TRUE,TRUE,FALSE,FALSE,FALSE,FALSE,10/06/2024,North 15th Street at East Virginia Avenue,85006
30270-9116,1,202410,PHOENIX,V2V F2R,TRUE,TRUE,TRUE,FALSE,FALSE,FALSE,10/06/2024,South Ash Avenue at West University Drive,85281
30270-9115,1,202410,PHOENIX,V2V Backing,TRUE,TRUE,TRUE,FALSE,FALSE,FALSE,10/22/2024,Parking lot near South K Mart Access Road at West Broadway Road,85202
30270-9112,1,202410,SAN_FRANCISCO,V2V Lateral,TRUE,TRUE,FALSE,FALSE,FALSE,FALSE,10/05/2024,Frederick Street near Delmar Street,94117
30270-9111,1,202410,PHOENIX,V2V Head-on,TRUE,TRUE,TRUE,FALSE,FALSE,FALSE,10/20/2024,Civic Center Plaza at East Indian Plaza,85251
30270-9110,2,202410,SAN_FRANCISCO,V2V Lateral,TRUE,TRUE,FALSE,FALSE,FALSE,FALSE,10/05/2024,Stevenson Street at 3rd Street,94103
30270-9107,2,202410,PHOENIX,V2V Intersection,TRUE,FALSE,FALSE,FALSE,FALSE,FALSE,10/05/2024,West Glenrosa Avenue at North Central Avenue,85012
30270-9103,1,202410,AUSTIN,V2V Lateral,TRUE,TRUE,FALSE,FALSE,FALSE,FALSE,10/20/2024,Montopolis Drive near East Ben White Boulevard,78741
30270-9100,1,202410,SAN_FRANCISCO,V2V Backing,FALSE,FALSE,FALSE,FALSE,FALSE,FALSE,10/19/2024,Indiana Street near 19th Street,94107
30270-9099,1,202410,SAN_FRANCISCO,V2V Backing,FALSE,FALSE,FALSE,FALSE,FALSE,FALSE,10/04/2024,Jennings Street near Egbert Avenue,94124
30270-9098,1,202410,SAN_FRANCISCO,V2V Backing,TRUE,TRUE,FALSE,FALSE,FALSE,FALSE,10/04/2024,16th Street at Capp Street,94103
30270-9097,1,202410,SAN_FRANCISCO,V2V F2R,TRUE,FALSE,TRUE,FALSE,FALSE,FALSE,10/04/2024,13th Street at Bryant Street,94103
30270-9014,2,202410,SAN_FRANCISCO,V2V Lateral,TRUE,FALSE,TRUE,TRUE,FALSE,FALSE,10/30/2024,Montgomery Street at California Street,94104
30270-9013,1,202410,LOS_ANGELES,V2V Intersection,TRUE,FALSE,FALSE,FALSE,FALSE,FALSE,10/30/2024,Highland Avenue at Hollywood Boulevard,90028
30270-9004,1,202410,SAN_FRANCISCO,V2V Lateral,TRUE,FALSE,FALSE,FALSE,FALSE,FALSE,10/29/2024,Alemany Boulevard near Congdon Street,94112
30270-8982,2,202410,SAN_FRANCISCO,V2V Lateral,TRUE,TRUE,FALSE,FALSE,FALSE,FALSE,10/30/2024,Van Ness Avenue at California Street,94109
30270-8979,3,202410,SAN_FRANCISCO,V2V Lateral,TRUE,TRUE,FALSE,FALSE,FALSE,FALSE,10/29/2024,California Street at Battery Street,94104
30270-8968,2,202410,SAN_FRANCISCO,Secondary Crash,TRUE,FALSE,TRUE,TRUE,FALSE,FALSE,10/28/2024,Fell Street at Franklin Street,94102
30270-8966,1,202410,SAN_FRANCISCO,V2V Intersection,TRUE,FALSE,FALSE,FALSE,FALSE,FALSE,10/23/2024,19th Avenue at Beverly Street,94132
30270-8947,1,202410,LOS_ANGELES,V2V Lateral,TRUE,TRUE,FALSE,FALSE,FALSE,FALSE,10/20/2024,Stoner Avenue at Lindblade Street,90230
30270-8943,1,202410,SAN_FRANCISCO,V2V Head-on,TRUE,FALSE,FALSE,FALSE,FALSE,FALSE,10/18/2024,Fell Street at Franklin Street,94102
30270-8941,1,202410,PHOENIX,V2V F2R,TRUE,FALSE,FALSE,FALSE,FALSE,FALSE,10/18/2024,Hayden Road near E. Thomas Road,85251
30270-8940,3,202410,SAN_FRANCISCO,V2V F2R,TRUE,FALSE,FALSE,FALSE,FALSE,FALSE,10/21/2024,Van Ness Avenue at Grove Street,94102
30270-8933,1,202410,SAN_FRANCISCO,All Others,TRUE,TRUE,FALSE,FALSE,FALSE,FALSE,10/16/2024,underground parking lot at 1160 Mission Street,94103
30270-8929,1,202410,PHOENIX,V2V Intersection,TRUE,FALSE,TRUE,FALSE,FALSE,FALSE,10/15/2024,near 291 E. Buckeye Road,85004
30270-8927,1,202410,SAN_FRANCISCO,Secondary Crash,TRUE,FALSE,TRUE,FALSE,FALSE,FALSE,10/14/2024,El Camino Real at Westborough Boulevard,94080
30270-8919,1,202410,PHOENIX,V2V Intersection,TRUE,FALSE,FALSE,FALSE,FALSE,FALSE,10/14/2024,S. 10th Street at E. Southern Avenue,85042
30270-8915,1,202410,PHOENIX,V2V F2R,FALSE,FALSE,FALSE,FALSE,FALSE,FALSE,10/14/2024,W. Watkins Street near S. 11th Avenue,85007
30270-8908,1,202410,SAN_FRANCISCO,V2V Head-on,TRUE,TRUE,FALSE,FALSE,FALSE,FALSE,10/11/2024,Red Rock Way near Duncan Street,94131
30270-8794,1,202410,AUSTIN,V2V Intersection,TRUE,FALSE,FALSE,FALSE,TRUE,FALSE,10/08/2024,East Oltorf Street at North Interstate 35 Frontage Road.,78741
30270-8781,1,202410,SAN_FRANCISCO,V2V F2R,TRUE,FALSE,FALSE,FALSE,FALSE,FALSE,10/05/2024,Bush Street at Montgomery Street,94104
30270-8769,1,202410,SAN_FRANCISCO,V2V Intersection,TRUE,TRUE,TRUE,FALSE,FALSE,FALSE,10/03/2024,Toland Street at Jerrold Avenue,94124
30270-8892,1,202409,SAN_FRANCISCO,V2V Lateral,TRUE,TRUE,FALSE,FALSE,FALSE,FALSE,09/28/2024,Stevenson Street at 3rd Street,94103
30270-8891,1,202409,SAN_FRANCISCO,V2V F2R,TRUE,TRUE,FALSE,FALSE,FALSE,FALSE,09/30/2024,Toland Street at Evans Avenue,94124
30270-8890,1,202409,PHOENIX,V2V F2R,TRUE,FALSE,FALSE,FALSE,FALSE,FALSE,09/30/2024,East 13th Street at South Mill Avenue,85281
30270-8888,1,202409,SAN_FRANCISCO,V2V Lateral,TRUE,TRUE,FALSE,FALSE,FALSE,FALSE,09/28/2024,Stevenson Street at 3rd Street,94103
30270-8887,1,202409,PHOENIX,V2V Backing,FALSE,FALSE,FALSE,FALSE,FALSE,FALSE,09/28/2024,North 6th Avenue near Roosevelt Street,85003
30270-8886,1,202409,LOS_ANGELES,V2V Lateral,TRUE,FALSE,FALSE,FALSE,FALSE,FALSE,09/27/2024,San Vicente Boulevard at Wilshire Boulevard,90211
30270-8885,1,202409,SAN_FRANCISCO,V2V Backing,TRUE,TRUE,FALSE,FALSE,FALSE,FALSE,09/26/2024,20th Street near Valencia Street,94110
30270-8884,1,202409,SAN_FRANCISCO,V2V Lateral,TRUE,TRUE,TRUE,FALSE,FALSE,FALSE,9/26/2024,Potrero Avenue at 23rd Street,94110
30270-8883,1,202409,AUSTIN,V2V Lateral,TRUE,TRUE,FALSE,FALSE,FALSE,FALSE,09/25/2024,Davis Street near Red River Street,78701
30270-8882,1,202409,SAN_FRANCISCO,V2V F2R,TRUE,FALSE,FALSE,FALSE,FALSE,FALSE,09/24/2024,4th Street near 16th Street,94158
30270-8881,1,202409,PHOENIX,V2V F2R,TRUE,FALSE,FALSE,FALSE,FALSE,FALSE,09/19/2024,Rural Road at Terrace Mall,85281
30270-8878,1,202409,SAN_FRANCISCO,V2V Lateral,TRUE,TRUE,FALSE,FALSE,FALSE,FALSE,09/18/2024,Shipley Street at 5th Street,94107
30270-8877,1,202409,SAN_FRANCISCO,V2V Lateral,TRUE,TRUE,FALSE,FALSE,FALSE,FALSE,09/17/2024,Mason Street at Pine Street,94108
30270-8876,1,202409,SAN_FRANCISCO,V2V Intersection,TRUE,FALSE,FALSE,FALSE,FALSE,FALSE,09/16/2024,Dolores Street near 16th Street,94103
30270-8875,1,202409,SAN_FRANCISCO,V2V Lateral,TRUE,FALSE,FALSE,FALSE,FALSE,FALSE,09/16/2024,Mission Street near Van Ness Avenue,94103
30270-8873,2,202409,SAN_FRANCISCO,V2V Lateral,TRUE,TRUE,FALSE,FALSE,FALSE,FALSE,09/16/2024,Mason Street at Post Street,94102
30270-8871,2,202409,SAN_FRANCISCO,V2V F2R,TRUE,FALSE,FALSE,FALSE,FALSE,FALSE,09/16/2024,Battery Street near Washington Street,94111
30270-8870,2,202409,SAN_FRANCISCO,V2V F2R,TRUE,FALSE,FALSE,FALSE,FALSE,FALSE,09/15/2024,Columbus Avenue near Green Street,94133
30270-8869,1,202409,SAN_FRANCISCO,V2V F2R,TRUE,TRUE,FALSE,FALSE,FALSE,FALSE,09/15/2024,Mason Street near Geary Street,94102
30270-8868,1,202409,SAN_FRANCISCO,V2V Lateral,TRUE,TRUE,FALSE,FALSE,FALSE,FALSE,09/14/2024,Grove Street near Gough Street,94102
30270-8859,1,202409,PHOENIX,Secondary Crash,TRUE,TRUE,TRUE,FALSE,FALSE,FALSE,09/13/2024,East Indian School Road at North 3rd Street,85012
30270-8858,1,202409,PHOENIX,V2V Head-on,TRUE,TRUE,TRUE,FALSE,FALSE,FALSE,09/12/2024,McLellan Boulevard near North 15th Avenue,85013
30270-8857,1,202409,LOS_ANGELES,V2V Lateral,TRUE,TRUE,FALSE,FALSE,FALSE,FALSE,09/10/2024,Santa Monica Boulevard at Beloit Avenue,90025
30270-8856,1,202409,LOS_ANGELES,V2V F2R,TRUE,FALSE,FALSE,FALSE,FALSE,FALSE,09/10/2024,West Pico Boulevard near Hauser Boulevard,90019
30270-8851,2,202409,SAN_FRANCISCO,V2V Lateral,TRUE,TRUE,FALSE,FALSE,FALSE,FALSE,09/26/2024,Market Street at 8th Street,94103
30270-8849,1,202409,PHOENIX,V2V F2R,TRUE,FALSE,FALSE,FALSE,FALSE,FALSE,09/07/2024,Washington Street near Hohokam Expressway,85034
30270-8844,1,202409,SAN_FRANCISCO,V2V F2R,TRUE,FALSE,FALSE,FALSE,FALSE,FALSE,09/07/2024,Mission Street at Van Ness Avenue,94103
30270-8842,2,202409,SAN_FRANCISCO,V2V Backing,TRUE,TRUE,FALSE,FALSE,FALSE,FALSE,09/06/2024,Duboce Avenue near Valencia Street,94103
30270-8835,1,202409,PHOENIX,V2V Lateral,TRUE,FALSE,FALSE,FALSE,FALSE,FALSE,09/06/2024,W. Southern Avenue at S. Alma School Road,85202
30270-8833,1,202409,PHOENIX,V2V Backing,TRUE,FALSE,FALSE,FALSE,FALSE,FALSE,09/06/2024,South 3rd Street at East Buckeye Road,85004
30270-8832,2,202409,AUSTIN,V2V Intersection,TRUE,FALSE,FALSE,FALSE,FALSE,FALSE,09/05/2024,E. Stassney Lane and Burleson Road,78744
30270-8828,2,202409,SAN_FRANCISCO,V2V Lateral,TRUE,TRUE,FALSE,FALSE,FALSE,FALSE,09/03/2024,Columbus Avenue at Grant Avenue,94133
30270-8827,2,202409,SAN_FRANCISCO,V2V F2R,TRUE,FALSE,FALSE,FALSE,FALSE,FALSE,09/03/2024,Kansas Street at 23rd Street,94107
30270-8826,1,202409,PHOENIX,V2V Intersection,TRUE,FALSE,FALSE,FALSE,FALSE,FALSE,09/02/2024,N. 15th Avenue and W. Pierce Street,85007
30270-8822,1,202409,SAN_FRANCISCO,V2V F2R,TRUE,FALSE,FALSE,TRUE,FALSE,FALSE,09/01/2024,Bayshore Boulevard at Silver Avenue,94124
30270-8809,1,202409,PHOENIX,Single Vehicle,TRUE,TRUE,FALSE,FALSE,FALSE,FALSE,09/19/2024,North Goldwater Boulevard near East Indian School Road,85251
30270-8750,1,202409,PHOENIX,V2V Intersection,TRUE,FALSE,TRUE,FALSE,TRUE,FALSE,09/28/2024,W. Broadway Road at S. Farmer Avenue,85282
30270-8687,1,202409,SAN_FRANCISCO,V2V Head-on,TRUE,TRUE,FALSE,FALSE,FALSE,FALSE,09/20/2024,Bright Street at Sargent Street,94132
30270-8685,2,202409,SAN_FRANCISCO,Cyclist,FALSE,FALSE,FALSE,FALSE,FALSE,FALSE,09/20/2024,Folsom Street near Langton Street,94103
30270-8673,2,202409,PHOENIX,V2V F2R,TRUE,FALSE,TRUE,FALSE,FALSE,FALSE,9/21/2024,N 7th Avenue south of McDowell Road,85007
30270-8661,1,202409,PHOENIX,Single Vehicle,TRUE,FALSE,FALSE,FALSE,FALSE,FALSE,09/13/2024,Parking lot on S. Diablo Way,85282
30270-8639,1,202409,SAN_FRANCISCO,V2V F2R,TRUE,FALSE,FALSE,FALSE,FALSE,FALSE,09/11/2024,Noe Street at 22nd Street,94114
30270-8631,1,202409,PHOENIX,V2V Intersection,TRUE,FALSE,TRUE,FALSE,FALSE,FALSE,08/31/2024,South Terrace Road at Apache Boulevard,85281
30270-8581,1,202409,SAN_FRANCISCO,All Others,TRUE,TRUE,TRUE,FALSE,FALSE,FALSE,09/08/2024,Van Ness Avenue at McAllister Street,94102
30270-8541,1,202409,SAN_FRANCISCO,All Others,TRUE,TRUE,FALSE,FALSE,FALSE,FALSE,09/06/2024,Stevenson Street at New Montgomery Street,94105
30270-8526,2,202409,LOS_ANGELES,Single Vehicle,TRUE,TRUE,TRUE,FALSE,FALSE,FALSE,09/08/2024,Venice Boulevard at 6th Ave,90019
30270-8514,2,202409,SAN_FRANCISCO,Cyclist,TRUE,FALSE,FALSE,FALSE,FALSE,FALSE,09/05/2024,Market Street at Sanchez Street,94114
30270-8513,1,202409,SAN_FRANCISCO,Single Vehicle,TRUE,TRUE,FALSE,FALSE,FALSE,FALSE,09/02/2024,Beale Street near Mission Street,94105
30270-8512,1,202409,LOS_ANGELES,V2V Backing,TRUE,FALSE,FALSE,FALSE,FALSE,FALSE,09/01/2024,W Adams Boulevard at S. Western Avenue,90018
30270-8633,1,202408,SAN_FRANCISCO,V2V Lateral,TRUE,TRUE,FALSE,FALSE,FALSE,FALSE,08/31/2024,Grant Avenue at Vallejo Street,94133
30270-8632,2,202408,SAN_FRANCISCO,All Others,TRUE,TRUE,FALSE,FALSE,FALSE,FALSE,08/07/2024,Florida Street at 21st Street,94110
30270-8630,1,202408,LOS_ANGELES,V2V Lateral,TRUE,TRUE,FALSE,FALSE,FALSE,FALSE,08/31/2024,North Las Palmas Avenue at Waring Avenue,90038
30270-8629,1,202408,SAN_FRANCISCO,V2V Head-on,TRUE,FALSE,FALSE,FALSE,FALSE,FALSE,08/31/2024,Roanoke Street at Chenery Street,94131
30270-8627,1,202408,PHOENIX,V2V Lateral,TRUE,TRUE,FALSE,FALSE,FALSE,FALSE,08/30/2024,S. Mill Avenue at E. 7th Street,85281
30270-8625,1,202408,SAN_FRANCISCO,V2V F2R,TRUE,FALSE,FALSE,FALSE,FALSE,FALSE,08/30/2024,Alemany Boulevard at Ocean Avenue,94112
30270-8624,1,202408,LOS_ANGELES,Single Vehicle,TRUE,FALSE,FALSE,FALSE,FALSE,FALSE,08/29/2024,12941 W. Runway Road,90094
30270-8623,1,202408,SAN_FRANCISCO,V2V Head-on,TRUE,TRUE,FALSE,FALSE,FALSE,FALSE,08/27/2024,Jack London Alley near S. Park Street,94107
30270-8622,1,202408,LOS_ANGELES,V2V Lateral,TRUE,TRUE,FALSE,FALSE,FALSE,FALSE,08/25/2024,Parking lot at 8490 Beverly Boulevard,90048
30270-8621,1,202408,SAN_FRANCISCO,V2V Head-on,TRUE,FALSE,FALSE,FALSE,FALSE,FALSE,08/23/2024,Jersey Street at Castro Street,94114
30270-8620,1,202408,PHOENIX,V2V F2R,TRUE,FALSE,TRUE,FALSE,FALSE,FALSE,08/23/2024,Washington Street at North 5th Street,85004
30270-8619,1,202408,PHOENIX,V2V Backing,TRUE,TRUE,FALSE,FALSE,FALSE,FALSE,08/23/2024,Washington Street near South 32nd Street,85034
30270-8618,1,202408,SAN_FRANCISCO,V2V Head-on,TRUE,FALSE,FALSE,FALSE,FALSE,FALSE,08/23/2024,Rossi Avenue near Anza Street,94118
30270-8617,1,202408,PHOENIX,V2V F2R,TRUE,FALSE,FALSE,FALSE,FALSE,FALSE,08/23/2024,East Indian School Road at North 32nd Street,85016
30270-8616,1,202408,SAN_FRANCISCO,V2V Backing,TRUE,TRUE,FALSE,FALSE,FALSE,FALSE,8/22/2024,Eddy Street near Franklin Street,94109
30270-8615,1,202408,SAN_FRANCISCO,V2V Backing,TRUE,TRUE,FALSE,FALSE,FALSE,FALSE,08/21/2024,Taylor Street at Broadway,94133
30270-8614,1,202408,PHOENIX,V2V Lateral,TRUE,FALSE,FALSE,FALSE,FALSE,FALSE,08/19/2024,East Roosevelt Street at Hayden Road,85257
30270-8612,1,202408,PHOENIX,All Others,TRUE,TRUE,FALSE,FALSE,FALSE,FALSE,08/17/2024,East Buckeye Road at South 10th Street,85034
30270-8610,1,202408,SAN_FRANCISCO,V2V Backing,TRUE,FALSE,FALSE,FALSE,FALSE,FALSE,08/15/2024,Sanchez Street at Market Street,94114
30270-8608,1,202408,PHOENIX,V2V Backing,TRUE,TRUE,FALSE,FALSE,FALSE,FALSE,08/15/2024,Rural Road at East Southern Avenue,85282
30270-8607,1,202408,SAN_FRANCISCO,V2V Backing,FALSE,FALSE,FALSE,FALSE,FALSE,FALSE,08/15/2024,Waverly Way at Bellevue Ave,94014
30270-8606,1,202408,PHOENIX,V2V F2R,TRUE,FALSE,FALSE,FALSE,FALSE,FALSE,08/13/2024,Thomas Road at N. 40th Street,85008
30270-8605,1,202408,SAN_FRANCISCO,V2V F2R,TRUE,TRUE,FALSE,FALSE,FALSE,FALSE,8/12/2024,Minna Street at 3rd Street,94105
30270-8603,1,202408,LOS_ANGELES,V2V Backing,TRUE,TRUE,FALSE,FALSE,FALSE,FALSE,08/09/2024,Nebraska Avenue at Stewart Street,90404
30270-8602,1,202408,PHOENIX,Single Vehicle,TRUE,TRUE,FALSE,FALSE,FALSE,FALSE,08/06/2024,North 49th Place near East Shady Glen Avenue,85254
30270-8601,1,202408,SAN_FRANCISCO,V2V Backing,FALSE,FALSE,FALSE,FALSE,FALSE,FALSE,08/05/2024,Oak Grove Street at Bryant Street,94107
30270-8600,1,202408,SAN_FRANCISCO,V2V Head-on,TRUE,FALSE,FALSE,FALSE,FALSE,FALSE,08/03/2024,20th Street at Church Street,94114
30270-8599,1,202408,LOS_ANGELES,V2V Lateral,TRUE,TRUE,FALSE,FALSE,FALSE,FALSE,08/01/2024,W. Jefferson Boulevard near La Brea Avenue,90016
30270-8483,1,202408,PHOENIX,Single Vehicle,TRUE,TRUE,FALSE,FALSE,FALSE,FALSE,08/27/2024,N. Saguaro Road near E. Jackrabbit Road,85253
30270-8471,1,202408,SAN_FRANCISCO,V2V Head-on,TRUE,TRUE,FALSE,FALSE,FALSE,FALSE,08/24/2024,Spruce Street at Geary Boulevard,94118
30270-8469,2,202408,SAN_FRANCISCO,V2V Lateral,TRUE,TRUE,FALSE,FALSE,FALSE,FALSE,08/27/2024,Grant Avenue at Broadway,94133
30270-8444,3,202408,SAN_FRANCISCO,Cyclist,TRUE,FALSE,FALSE,TRUE,FALSE,FALSE,08/20/2024,Brannan Street at 4th Street,94107
30270-8417,1,202408,SAN_FRANCISCO,V2V Intersection,TRUE,FALSE,TRUE,FALSE,TRUE,FALSE,08/11/2024,9th Street at Harrison Street,94103
30270-8357,1,202408,PHOENIX,Single Vehicle,TRUE,TRUE,FALSE,FALSE,FALSE,FALSE,08/09/2024,6580 E McDowell Road,85257
30270-8356,1,202408,SAN_FRANCISCO,Single Vehicle,TRUE,FALSE,FALSE,FALSE,FALSE,FALSE,08/09/2024,Pacific Avenue at Sansome Street,94109
30270-8344,1,202408,PHOENIX,Single Vehicle,TRUE,TRUE,FALSE,FALSE,FALSE,FALSE,08/08/2024,Hayden Road at E Shea Boulevard,85260
30270-8317,1,202408,PHOENIX,All Others,TRUE,TRUE,TRUE,FALSE,FALSE,FALSE,08/06/2024,parking lot near North 30th Street and East Fillmore Street,85008
30270-8316,2,202408,SAN_FRANCISCO,V2V Intersection,TRUE,FALSE,FALSE,FALSE,FALSE,FALSE,08/04/2024,Bush Street at Battery Street,94104
30270-8406,1,202407,SAN_FRANCISCO,V2V Backing,FALSE,FALSE,FALSE,FALSE,FALSE,FALSE,07/29/2024,Grattan Street near Shrader Street,94117
30270-8405,1,202407,PHOENIX,V2V Head-on,TRUE,TRUE,FALSE,FALSE,FALSE,FALSE,7/26/2024,East Van Buren Street and North 23rd Street,85034
30270-8404,1,202407,SAN_FRANCISCO,V2V F2R,TRUE,FALSE,FALSE,FALSE,FALSE,FALSE,07/25/2024,Connecticut Street at Wisconsin Street,94107
30270-8402,1,202407,SAN_FRANCISCO,V2V Lateral,TRUE,TRUE,FALSE,FALSE,FALSE,FALSE,07/20/2024,Grant Avenue at Green Street,94133
30270-8401,1,202407,SAN_FRANCISCO,V2V Backing,TRUE,FALSE,FALSE,FALSE,FALSE,FALSE,07/19/2024,Taylor Street at Sutter Street,94102
30270-8398,2,202407,PHOENIX,V2V Backing,TRUE,FALSE,TRUE,FALSE,FALSE,FALSE,07/17/2024,Parking lot near 1827 E Apache Boulevard,85281
30270-8397,1,202407,PHOENIX,Single Vehicle,TRUE,FALSE,FALSE,FALSE,FALSE,FALSE,07/15/2024,N. Pleasant Drive near W. Orchid Lane,85224
30270-8394,1,202407,LOS_ANGELES,V2V Backing,TRUE,TRUE,FALSE,FALSE,FALSE,FALSE,07/15/2024,Santa Monica Boulevard near Malcolm Avenue,90024
30270-8393,1,202407,SAN_FRANCISCO,All Others,TRUE,TRUE,FALSE,FALSE,FALSE,FALSE,07/10/2024,Mason Street at Geary Street,94102
30270-8392,1,202407,SAN_FRANCISCO,V2V Intersection,TRUE,FALSE,FALSE,FALSE,FALSE,FALSE,07/11/2024,16th Street near Bryant Street,94103
30270-8390,1,202407,SAN_FRANCISCO,V2V Backing,FALSE,FALSE,FALSE,FALSE,FALSE,FALSE,07/10/2024,10th Street near Folsom Street,94103
30270-8389,1,202407,SAN_FRANCISCO,V2V Backing,TRUE,TRUE,FALSE,FALSE,FALSE,FALSE,07/08/2024,Haight Street at Broderick St,94117
30270-8388,1,202407,SAN_FRANCISCO,V2V F2R,TRUE,FALSE,FALSE,FALSE,FALSE,FALSE,07/08/2024,The Embarcadero at Broadway,94105
30270-8387,1,202407,SAN_FRANCISCO,V2V Backing,FALSE,FALSE,FALSE,FALSE,FALSE,FALSE,07/08/2024,Broadway near Webster Street,94123
30270-8386,1,202407,SAN_FRANCISCO,V2V F2R,TRUE,FALSE,FALSE,FALSE,FALSE,FALSE,07/03/2024,Davis Street at California Street,94111
30270-8385,1,202407,SAN_FRANCISCO,V2V Lateral,TRUE,TRUE,FALSE,FALSE,FALSE,FALSE,07/02/2024,Dolores Street at 17th Street,94110
30270-8384,1,202407,LOS_ANGELES,V2V Head-on,TRUE,TRUE,FALSE,FALSE,FALSE,FALSE,07/02/2024,Sycamore Avenue near W. Pico Boulevard,90019
30270-8383,1,202407,PHOENIX,V2V Lateral,TRUE,TRUE,TRUE,FALSE,FALSE,FALSE,07/02/2024,Washington Street at North 44th Street,85043
30270-8378,1,202407,PHOENIX,V2V Lateral,TRUE,TRUE,FALSE,TRUE,FALSE,FALSE,07/01/2024,Parking lot at 2233 E Highland Avenue,85016
30270-8278,1,202407,SAN_FRANCISCO,V2V Intersection,TRUE,FALSE,FALSE,FALSE,FALSE,FALSE,07/31/2024,Pacific Avenue and Jones Street,94109
30270-8273,1,202407,SAN_FRANCISCO,V2V Lateral,TRUE,TRUE,FALSE,FALSE,FALSE,FALSE,07/30/2024,Brannan Street at 4th Street,94107
30270-8266,1,202407,SAN_FRANCISCO,V2V Head-on,TRUE,FALSE,FALSE,FALSE,FALSE,FALSE,07/27/2024,Cesar Chavez Street at the Bayshore Boulevard Exit,94110
30270-8243,2,202407,PHOENIX,V2V F2R,TRUE,FALSE,TRUE,TRUE,TRUE,FALSE,07/28/2024,E. Shea Boulevard near N. 55th Place,85254
30270-8217,2,202407,PHOENIX,V2V Head-on,TRUE,FALSE,TRUE,TRUE,TRUE,FALSE,07/22/2024,East Osborn Road near North 28th Street,85016
30270-8200,2,202407,SAN_FRANCISCO,V2V F2R,TRUE,TRUE,FALSE,FALSE,FALSE,FALSE,07/18/2024,Bush Street at Market Street,94104
30270-8199,1,202407,PHOENIX,V2V F2R,TRUE,FALSE,TRUE,TRUE,FALSE,FALSE,07/14/2024,N Scottsdale Road near E Oak Street,85257
30270-8182,2,202407,SAN_FRANCISCO,Motorcycle,TRUE,FALSE,FALSE,FALSE,FALSE,FALSE,7/17/2024,Lyon Street at Pacific Avenue.,94115
30270-8180,1,202407,PHOENIX,V2V Intersection,TRUE,TRUE,TRUE,FALSE,FALSE,FALSE,07/12/2024,E Indian School Road at N 68th Street,85251
30270-8152,1,202407,SAN_FRANCISCO,Single Vehicle,TRUE,TRUE,FALSE,FALSE,FALSE,FALSE,06/30/2024,Steuart Street at Howard Street,94105
30270-8088,2,202407,SAN_FRANCISCO,V2V F2R,TRUE,FALSE,FALSE,FALSE,FALSE,FALSE,07/12/2024,Van Ness Avenue at Clay Str,94109
30270-8061,1,202407,SAN_FRANCISCO,V2V Head-on,TRUE,FALSE,TRUE,FALSE,TRUE,FALSE,07/06/2024,Ulloa Street at 22nd Avenue,94116
30270-8021,2,202407,SAN_FRANCISCO,V2V Backing,TRUE,FALSE,FALSE,FALSE,FALSE,FALSE,06/30/2024,Columbus Avenue at Grant Avenue,94133
30270-8634,1,202406,PHOENIX,All Others,TRUE,FALSE,FALSE,FALSE,FALSE,FALSE,06/12/2024,Washington Street at North 54th Place,85034
30270-8158,1,202406,LOS_ANGELES,V2V F2R,TRUE,FALSE,FALSE,TRUE,FALSE,FALSE,06/21/2024,Ohio Avenue at S Westgate Avenue,90025
30270-8157,1,202406,PHOENIX,All Others,TRUE,TRUE,FALSE,FALSE,FALSE,FALSE,06/09/2024,3939 E Campbell Avenue,85018
30270-8156,1,202406,LOS_ANGELES,V2V F2R,TRUE,FALSE,FALSE,FALSE,FALSE,FALSE,06/11/2024,Maple Street at 10th Street,90405
30270-8151,1,202406,SAN_FRANCISCO,V2V F2R,TRUE,FALSE,FALSE,FALSE,FALSE,FALSE,06/28/2024,Bush Street at Sansome Street,94104
30270-8150,1,202406,SAN_FRANCISCO,V2V Lateral,FALSE,FALSE,FALSE,FALSE,FALSE,FALSE,06/22/2024,40 Buchanan Street,94102
30270-8146,1,202406,PHOENIX,Single Vehicle,TRUE,TRUE,FALSE,FALSE,FALSE,FALSE,06/19/2024,W Elliot Road near N Carriage Lane,85224
30270-8145,1,202406,SAN_FRANCISCO,Single Vehicle,TRUE,TRUE,TRUE,FALSE,FALSE,FALSE,06/18/2024,2335 Golden Gate Avenue,94117
30270-8144,1,202406,LOS_ANGELES,V2V F2R,TRUE,FALSE,FALSE,FALSE,FALSE,FALSE,06/14/2024,S Western Avenue at Monette Place,90006
30270-8141,1,202406,SAN_FRANCISCO,V2V Head-on,TRUE,FALSE,FALSE,FALSE,FALSE,FALSE,06/13/2024,Hugo Street at Second Avenue,94122
30270-8139,1,202406,SAN_FRANCISCO,V2V Lateral,TRUE,TRUE,FALSE,FALSE,FALSE,FALSE,06/13/2024,Guerrero Street at Market Street,94102
30270-8137,1,202406,PHOENIX,V2V F2R,TRUE,TRUE,TRUE,FALSE,FALSE,FALSE,06/12/2024,N Price Road at E Southern Avenue,85282
30270-8134,1,202406,SAN_FRANCISCO,V2V Head-on,TRUE,TRUE,FALSE,FALSE,FALSE,FALSE,06/09/2024,3800 block of 20th Street,94114
30270-8131,1,202406,SAN_FRANCISCO,V2V F2R,TRUE,TRUE,FALSE,FALSE,FALSE,FALSE,06/09/2024,Folsom Street at Main Street,94105
30270-8130,1,202406,SAN_FRANCISCO,V2V Lateral,TRUE,FALSE,FALSE,FALSE,FALSE,FALSE,06/08/2024,Howard Street at Lafayette Street,94103
30270-8128,1,202406,PHOENIX,V2V F2R,TRUE,TRUE,FALSE,FALSE,FALSE,FALSE,06/07/2024,W Monroe Street at N Central Avenue,85004
30270-8127,1,202406,SAN_FRANCISCO,V2V Backing,FALSE,FALSE,FALSE,FALSE,FALSE,FALSE,06/05/2024,29th Avenue near Lawton Street,94122
30270-8124,1,202406,PHOENIX,V2V Backing,TRUE,TRUE,FALSE,FALSE,FALSE,FALSE,06/03/2024,Washington Street near 30th St,85034
30270-8121,1,202406,LOS_ANGELES,V2V Lateral,TRUE,TRUE,FALSE,FALSE,FALSE,FALSE,06/01/2024,W Olympic Boulevard at Kelton Avenue,90025
30270-8120,1,202406,PHOENIX,All Others,TRUE,TRUE,FALSE,FALSE,FALSE,FALSE,06/01/2024,E Southern Avenue near S 17th Street,85040
30270-8027,1,202406,PHOENIX,V2V F2R,TRUE,FALSE,FALSE,FALSE,TRUE,FALSE,06/29/2024,Washington Street at 56th Street,85034
30270-8020,1,202406,PHOENIX,V2V F2R,TRUE,FALSE,TRUE,FALSE,FALSE,FALSE,06/28/2024,E Indian School Rd at N 32nd Street,85016
30270-7998,1,202406,SAN_FRANCISCO,V2V Lateral,TRUE,TRUE,FALSE,FALSE,FALSE,FALSE,06/22/2024,Oak Street and Octavia Boulevard,94102
30270-7969,1,202406,PHOENIX,Single Vehicle,TRUE,TRUE,FALSE,FALSE,FALSE,FALSE,06/15/2024,Priest Drive at W. Southern Avenue,85282
30270-7959,1,202406,SAN_FRANCISCO,V2V F2R,TRUE,FALSE,TRUE,TRUE,FALSE,FALSE,06/14/2024,Diamond Street at 24th Street,94114
30270-7883,1,202406,PHOENIX,V2V Intersection,TRUE,TRUE,FALSE,FALSE,FALSE,FALSE,06/08/2024,E Campbell Avenue at N 40th Street,85018
30270-7882,1,202406,SAN_FRANCISCO,V2V Lateral,TRUE,TRUE,TRUE,FALSE,FALSE,FALSE,06/08/2024,Montgomery Street at Broadway,94133
30270-7855,2,202406,SAN_FRANCISCO,V2V F2R,TRUE,TRUE,FALSE,FALSE,FALSE,FALSE,06/09/2024,Union Street at Buchanan St,94123
30270-7842,2,202406,PHOENIX,Motorcycle,TRUE,FALSE,TRUE,FALSE,FALSE,FALSE,06/08/2024,E Osborn Rd and N Drinkwater Boulevard,85251
30270-7839,1,202406,SAN_FRANCISCO,V2V F2R,TRUE,FALSE,FALSE,FALSE,FALSE,FALSE,06/04/2024,Lombard Street at Fillmore Street,94123
30270-7953,1,202405,LOS_ANGELES,V2V Lateral,TRUE,TRUE,FALSE,FALSE,FALSE,FALSE,05/10/2024,S. Wooster Street near Whitworth Drive,90035
30270-7952,1,202405,PHOENIX,V2V Backing,TRUE,FALSE,TRUE,FALSE,FALSE,FALSE,05/11/2024,S McClintock Drive at E Apache Boulevard,85281
30270-7950,1,202405,SAN_FRANCISCO,V2V Backing,TRUE,FALSE,FALSE,FALSE,FALSE,FALSE,05/16/2024,Divisadero Street at Hayes Street,94117
30270-7949,2,202405,LOS_ANGELES,V2V Backing,TRUE,FALSE,FALSE,FALSE,FALSE,FALSE,05/16/2024,Vermont Avenue at Interstate 10 West,90007
30270-7947,1,202405,PHOENIX,Single Vehicle,TRUE,TRUE,FALSE,FALSE,FALSE,FALSE,05/18/2024,Parking Lot 3757 E. Van Buren St.,85008
30270-7946,1,202405,PHOENIX,V2V Backing,TRUE,FALSE,TRUE,FALSE,FALSE,FALSE,05/20/2024,Parking lot 291 E. Buckeye Rd,85004
30270-7945,2,202405,PHOENIX,V2V F2R,TRUE,FALSE,TRUE,TRUE,FALSE,FALSE,05/21/2024,S Priest Drive at W Elliot Road,85283
30270-7944,1,202405,PHOENIX,V2V Backing,TRUE,FALSE,FALSE,FALSE,FALSE,FALSE,05/24/2024,Parking lot E. Fillmore Street,85008
30270-7943,1,202405,PHOENIX,V2V F2R,TRUE,TRUE,TRUE,FALSE,FALSE,FALSE,05/25/2024,S Hardy Drive and W Baseline Road,85283
30270-7942,1,202405,SAN_FRANCISCO,V2V Lateral,TRUE,FALSE,FALSE,FALSE,FALSE,FALSE,05/26/2024,Bryant Street at 5th Street,94107
30270-7941,1,202405,PHOENIX,V2V Backing,TRUE,FALSE,TRUE,FALSE,FALSE,FALSE,05/28/2024,2525 S Rural Rd Tempe AZ,85282
30270-7940,1,202405,LOS_ANGELES,V2V Intersection,TRUE,FALSE,FALSE,FALSE,FALSE,FALSE,05/29/2024,San Pedro Street at E 16th St,90015
30270-7939,1,202405,SAN_FRANCISCO,V2V Lateral,TRUE,TRUE,FALSE,FALSE,FALSE,FALSE,05/29/2024,15th Street at Valencia Street,94103
30270-7938,1,202405,SAN_FRANCISCO,All Others,FALSE,FALSE,FALSE,FALSE,FALSE,FALSE,05/19/2024,Montgomery Street near Gold Street,94133
30270-7936,1,202405,PHOENIX,Single Vehicle,TRUE,TRUE,FALSE,FALSE,FALSE,FALSE,05/06/2024,Parking lot at S. Packard Drive,85281
30270-7935,1,202405,SAN_FRANCISCO,V2V Lateral,TRUE,TRUE,FALSE,FALSE,FALSE,FALSE,05/03/2024,21st Street at Mission Street,94110
30270-7934,1,202405,SAN_FRANCISCO,V2V Backing,TRUE,FALSE,FALSE,FALSE,FALSE,FALSE,05/03/2024,Laguna Street at Waller Street,94102
30270-7877,1,202405,PHOENIX,Single Vehicle,TRUE,TRUE,FALSE,FALSE,FALSE,FALSE,05/03/2024,Papago Springs Apartment Complex,85008
30270-7813,1,202405,SAN_FRANCISCO,V2V F2R,TRUE,FALSE,TRUE,TRUE,FALSE,FALSE,05/26/2024,Mission Street at 9th Street,94103
30270-7795,2,202405,SAN_FRANCISCO,V2V Backing,TRUE,FALSE,FALSE,FALSE,FALSE,FALSE,05/23/2024,parking lot at City College of San Francisco,94112
30270-7794,1,202405,PHOENIX,Single Vehicle,TRUE,FALSE,FALSE,FALSE,FALSE,FALSE,05/21/2024,alleyway near N 7th Avenue and W Roosevelt Street,85003
30270-7793,1,202405,SAN_FRANCISCO,V2V Intersection,TRUE,FALSE,TRUE,FALSE,TRUE,FALSE,05/20/2024,14th Street at Folsom Street,94103
30270-7734,1,202405,PHOENIX,V2V F2R,TRUE,FALSE,FALSE,TRUE,FALSE,FALSE,05/13/2024,E Madison Street at S 44th Street,85034
30270-7733,2,202405,PHOENIX,V2V Intersection,TRUE,FALSE,TRUE,TRUE,FALSE,FALSE,05/12/2024,E Broadway Road at N Price,85282
30270-7730,2,202405,PHOENIX,V2V Backing,TRUE,FALSE,FALSE,FALSE,FALSE,FALSE,05/07/2024,6202 N. Scottsdale Road,85253
30270-7718,1,202405,SAN_FRANCISCO,V2V Backing,TRUE,FALSE,FALSE,FALSE,FALSE,FALSE,05/10/2024,3rd Street near Howard Street,94103
30270-7647,1,202405,SAN_FRANCISCO,V2V Head-on,TRUE,FALSE,FALSE,FALSE,FALSE,FALSE,05/01/2024,University Street at Sweeny Street,94134
30270-7639,2,202405,SAN_FRANCISCO,Motorcycle,TRUE,FALSE,FALSE,FALSE,FALSE,FALSE,05/07/2024,Mission Street at 1st Street,94105
30270-7637,2,202405,PHOENIX,V2V Intersection,TRUE,FALSE,TRUE,TRUE,FALSE,FALSE,05/03/2024,E. Campbell Avenue and N. 24th Street,85016
30270-7631,1,202405,SAN_FRANCISCO,V2V Backing,TRUE,FALSE,TRUE,FALSE,FALSE,FALSE,05/02/2024,22nd Street at Fair Oaks Street,94110
30270-9192,1,202404,PHOENIX,All Others,TRUE,FALSE,FALSE,FALSE,FALSE,FALSE,04/03/2024,East Lincoln Drive near Mount Shadows Golf Club,85253
30270-7729,1,202404,LOS_ANGELES,Single Vehicle,TRUE,TRUE,FALSE,FALSE,FALSE,FALSE,04/25/2024,1425 Montana Avenue,90403
30270-7728,1,202404,SAN_FRANCISCO,V2V Backing,TRUE,TRUE,FALSE,FALSE,FALSE,FALSE,04/25/2024,1315 8th Avenue,94122
30270-7727,1,202404,SAN_FRANCISCO,V2V F2R,TRUE,TRUE,FALSE,FALSE,FALSE,FALSE,04/20/2024,Larkin Street at Beach Street,94109
30270-7726,1,202404,SAN_FRANCISCO,V2V F2R,TRUE,FALSE,FALSE,FALSE,FALSE,FALSE,04/20/2024,Hyde Street at O'Farrell Street,94109
30270-7724,1,202404,SAN_FRANCISCO,V2V Backing,TRUE,FALSE,FALSE,FALSE,FALSE,FALSE,04/08/2024,Stockton Street near Campton Place,94108
30270-7722,1,202404,SAN_FRANCISCO,V2V Lateral,TRUE,TRUE,FALSE,TRUE,FALSE,FALSE,04/12/2024,Cedar Street at Polk Street,94109
30270-7721,1,202404,PHOENIX,V2V F2R,TRUE,FALSE,FALSE,FALSE,FALSE,FALSE,04/11/2024,W. Ray Road near N. Price Road,85224
30270-7720,1,202404,PHOENIX,V2V Intersection,TRUE,TRUE,FALSE,FALSE,FALSE,FALSE,04/11/2024,7th Street at E. Roosevelt Street,85006
30270-7719,2,202404,SAN_FRANCISCO,V2V F2R,TRUE,FALSE,FALSE,FALSE,FALSE,FALSE,04/06/2024,Steiner Street at Bush Street,94115
30270-7573,1,202404,SAN_FRANCISCO,V2V Intersection,TRUE,FALSE,FALSE,FALSE,FALSE,FALSE,04/20/2024,Gough Street at Turk Street,94109
30270-7425,1,202404,SAN_FRANCISCO,V2V Backing,TRUE,TRUE,FALSE,FALSE,FALSE,FALSE,04/01/2024,Brannan Street and Ritch Street,94107
30270-7543,1,202403,SAN_FRANCISCO,V2V Head-on,FALSE,FALSE,FALSE,FALSE,FALSE,FALSE,03/15/2024,near 1949 Sunnydale Avenue,94134
30270-7542,1,202403,LOS_ANGELES,V2V Lateral,TRUE,TRUE,FALSE,FALSE,FALSE,FALSE,03/14/2024,S Figueroa Street at 7th Street,90017
30270-7540,1,202403,LOS_ANGELES,V2V F2R,TRUE,FALSE,FALSE,FALSE,FALSE,FALSE,03/08/2024,S Figueroa Street at W 17th Street,90015
30270-7538,1,202403,SAN_FRANCISCO,V2V Backing,TRUE,FALSE,FALSE,FALSE,FALSE,FALSE,03/31/2024,19th Street at Vermont Street,94107
30270-7536,1,202403,SAN_FRANCISCO,V2V F2R,TRUE,TRUE,FALSE,FALSE,FALSE,FALSE,03/30/2024,Guerrero Street at 14th Street,94114
30270-7533,1,202403,PHOENIX,Single Vehicle,TRUE,FALSE,FALSE,FALSE,FALSE,FALSE,03/08/2024,250 W Rio Salado Parkway,85281
30270-7532,1,202403,PHOENIX,Single Vehicle,TRUE,TRUE,FALSE,FALSE,FALSE,FALSE,03/26/2024,W. Chandler Boulevard near N. Los Feliz Drive,85226
30270-7531,1,202403,PHOENIX,V2V F2R,TRUE,FALSE,FALSE,TRUE,FALSE,FALSE,03/25/2024,W. Missouri Avenue at N. 23rd Street,85015
30270-7530,1,202403,PHOENIX,V2V Lateral,TRUE,FALSE,TRUE,FALSE,FALSE,FALSE,03/24/2024,W. University Drive near S. Farmer Avenue,85281
30270-7529,1,202403,SAN_FRANCISCO,V2V F2R,TRUE,FALSE,FALSE,FALSE,FALSE,FALSE,03/22/2024,Church Street at Market Street,94114
30270-7528,1,202403,PHOENIX,V2V F2R,TRUE,FALSE,FALSE,FALSE,FALSE,FALSE,03/19/2024,S. Dorsey Lane at E. Lemon Street,85281
30270-7527,1,202403,PHOENIX,V2V F2R,TRUE,FALSE,TRUE,FALSE,FALSE,FALSE,03/17/2024,W. Ray Road and N. Price Road,85224
30270-7525,1,202403,SAN_FRANCISCO,V2V Backing,TRUE,FALSE,FALSE,FALSE,FALSE,FALSE,03/07/2024,St. Germain Avenue at Glenbrook Avenue,94114
30270-7522,1,202403,PHOENIX,V2V Backing,TRUE,FALSE,TRUE,FALSE,FALSE,FALSE,03/01/2024,E Portland Street at N 5th Place,85006
30270-7515,1,202403,PHOENIX,Single Vehicle,TRUE,FALSE,FALSE,FALSE,FALSE,FALSE,03/01/2024,W Southern Avenue at S Alma School Road,85210
30270-7424,1,202403,PHOENIX,V2V Intersection,TRUE,FALSE,TRUE,FALSE,FALSE,FALSE,03/30/2024,N Drinkwater Boulevard at E 2nd Street,85251
30270-7423,1,202403,SAN_FRANCISCO,V2V F2R,TRUE,FALSE,FALSE,FALSE,FALSE,FALSE,03/30/2024,Barneveld Ave and Jerrold Avenue,94124
30270-7421,1,202403,PHOENIX,V2V Intersection,TRUE,FALSE,TRUE,TRUE,TRUE,FALSE,03/28/2024,N. 24th Street and E. Devonshire Avenue,85016
30270-7380,2,202403,SAN_FRANCISCO,V2V F2R,TRUE,FALSE,TRUE,TRUE,FALSE,FALSE,03/19/2024,Division Street at 9th Street,94103
30270-7306,1,202403,SAN_FRANCISCO,V2V Intersection,TRUE,FALSE,FALSE,FALSE,FALSE,FALSE,03/10/2024,10th Street at Mission Street,94103
30270-9169,1,202402,PHOENIX,All Others,TRUE,FALSE,FALSE,FALSE,FALSE,FALSE,02/28/2024,East Apache Boulevard at South River Drive,85281
30270-7318,3,202402,PHOENIX,V2V F2R,TRUE,FALSE,FALSE,FALSE,FALSE,FALSE,02/09/2024,E Indian School Road at N 7th Street,85102
30270-7316,2,202402,PHOENIX,V2V F2R,TRUE,FALSE,FALSE,TRUE,FALSE,FALSE,02/26/2024,W. Galveston Street at N. Arizona Avenue,85225
30270-7315,1,202402,SAN_FRANCISCO,V2V Backing,TRUE,TRUE,FALSE,FALSE,FALSE,FALSE,02/23/2024,Folsom Street at Falmouth Street,94107
30270-7313,1,202402,PHOENIX,V2V Backing,TRUE,TRUE,FALSE,FALSE,FALSE,FALSE,02/23/2024,E Lamar Road at N 16th Street,85016
30270-7312,1,202402,PHOENIX,Single Vehicle,TRUE,TRUE,FALSE,FALSE,FALSE,FALSE,02/21/2024,S. 16th Street towards E. Broadway Road,85040
30270-7311,1,202402,PHOENIX,V2V F2R,TRUE,FALSE,FALSE,FALSE,FALSE,FALSE,02/18/2024,E Camelback Road and N 32rd Street,85016
30270-7309,1,202402,PHOENIX,V2V F2R,TRUE,FALSE,TRUE,FALSE,FALSE,FALSE,02/13/2024,S. McClintock Drive at E. Broadway Rd,85282
30270-7308,1,202402,LOS_ANGELES,Single Vehicle,TRUE,TRUE,FALSE,FALSE,FALSE,FALSE,02/05/2024,Watt Way at Exposition Blvd,90007
30270-7257,2,202402,PHOENIX,V2V F2R,TRUE,FALSE,FALSE,TRUE,FALSE,FALSE,02/22/2024,S Rural Road at E University Drive,85281
30270-7190,2,202402,SAN_FRANCISCO,Motorcycle,TRUE,FALSE,FALSE,FALSE,FALSE,FALSE,02/19/2024,Fillmore Street at Geary Boulevard,94115
30270-7075,2,202402,SAN_FRANCISCO,Cyclist,TRUE,FALSE,TRUE,TRUE,FALSE,FALSE,02/06/2024,17th Street at Mississippi Street,94107
30270-7162,1,202401,SAN_FRANCISCO,Secondary Crash,TRUE,TRUE,TRUE,FALSE,FALSE,FALSE,01/21/2024,intersection of Market Street at Hermann Street and Guerrero Street,94103
30270-7161,1,202401,SAN_FRANCISCO,V2V Intersection,TRUE,TRUE,TRUE,FALSE,FALSE,FALSE,01/12/2024,26th Street at Castro Street,94114
30270-7160,1,202401,PHOENIX,V2V Intersection,FALSE,FALSE,FALSE,FALSE,FALSE,FALSE,01/03/2024,E. Indian School Road at N. 87th Place,85251
30270-7159,1,202401,PHOENIX,V2V F2R,TRUE,FALSE,TRUE,FALSE,FALSE,FALSE,01/17/2024,S. McClintock Drive at the intersection with the on and off ramps for westbound Highway 60,85282
30270-7158,1,202401,PHOENIX,Secondary Crash,TRUE,FALSE,TRUE,FALSE,FALSE,FALSE,01/15/2024,S. 16th Street at E. Buckeye Road,85034
30270-7157,3,202401,LOS_ANGELES,V2V Head-on,TRUE,TRUE,FALSE,TRUE,FALSE,FALSE,01/08/2024,Manhattan Place at West Adams Boulevard,90018
30270-7156,1,202401,PHOENIX,V2V Backing,TRUE,TRUE,FALSE,FALSE,FALSE,FALSE,01/08/2024,E. Van Buren Street and N. 30th Street.,85008
30270-7071,1,202401,SAN_FRANCISCO,V2V Lateral,TRUE,TRUE,FALSE,FALSE,FALSE,FALSE,01/31/2024,Potrero Avenue near 22nd Street,94110
30270-7058,1,202401,PHOENIX,Single Vehicle,TRUE,TRUE,FALSE,FALSE,FALSE,FALSE,01/27/2024,Parking lot entrance on N. Portales Place,85251
30270-7054,1,202401,PHOENIX,Single Vehicle,TRUE,TRUE,FALSE,FALSE,FALSE,FALSE,01/25/2024,N. 40th Street past Washington Street,85034
30270-7048,1,202401,PHOENIX,All Others,TRUE,TRUE,FALSE,FALSE,FALSE,FALSE,01/24/2024,Parking lot entrance on W. San Angelo Street near N. Colorado Street,85233
30270-7021,1,202401,SAN_FRANCISCO,V2V Head-on,TRUE,TRUE,FALSE,FALSE,FALSE,FALSE,12/31/2023,Turner Terrace near Missouri Street,94107
30270-6981,2,202401,SAN_FRANCISCO,Motorcycle,FALSE,FALSE,FALSE,FALSE,FALSE,FALSE,01/13/2024,Larkin Street at Bush Street,94109
30270-6932,2,202401,PHOENIX,V2V Intersection,TRUE,FALSE,TRUE,FALSE,FALSE,FALSE,01/02/2024,N. Central Avenue at E. Osborn Road,85015
30270-7020,1,202312,PHOENIX,V2V Backing,TRUE,TRUE,FALSE,FALSE,FALSE,FALSE,12/31/2023,East Playa Del Norte Drive near North Scottsdale Road,85288
30270-7019,1,202312,SAN_FRANCISCO,V2V Lateral,TRUE,FALSE,FALSE,FALSE,FALSE,FALSE,12/27/2023,Stanyan Street near Haight Street,94117
30270-7018,1,202312,PHOENIX,V2V Backing,FALSE,FALSE,FALSE,FALSE,FALSE,FALSE,12/24/2023,East Palm Lane near North 43rd Street,85008
30270-7017,1,202312,PHOENIX,V2V F2R,TRUE,FALSE,FALSE,FALSE,FALSE,FALSE,12/23/2023,North Third Street at Washington Street,85004
30270-7015,1,202312,SAN_FRANCISCO,V2V Backing,TRUE,TRUE,FALSE,FALSE,FALSE,FALSE,12/21/2023,Gilman Avenue at Third Street,94124
30270-7014,1,202312,SAN_FRANCISCO,V2V Intersection,TRUE,TRUE,FALSE,FALSE,FALSE,FALSE,12/19/2023,Beach Street near Larkin Street,94109
30270-7013,1,202312,PHOENIX,V2V F2R,TRUE,FALSE,TRUE,FALSE,FALSE,FALSE,12/11/2023,North 32nd Street at East Filmore Street,85008
30270-7012,1,202312,PHOENIX,Secondary Crash,TRUE,FALSE,TRUE,FALSE,FALSE,FALSE,12/07/2023,South McClintock Drive at East Baseline Road,85283
30270-7007,1,202312,SAN_FRANCISCO,V2V Backing,TRUE,TRUE,FALSE,FALSE,FALSE,FALSE,12/14/2023,Napoleon Street near Evans Avenue,94124
30270-7006,1,202312,SAN_FRANCISCO,Motorcycle,TRUE,FALSE,FALSE,FALSE,FALSE,FALSE,12/02/2023,24th Street at Osage Street,94110
30270-6907,1,202312,PHOENIX,V2V Backing,TRUE,TRUE,FALSE,FALSE,FALSE,FALSE,12/26/2023,E. 1st Avenue near N. Scottsdale Road,85251
30270-6906,1,202312,PHOENIX,Secondary Crash,TRUE,FALSE,TRUE,TRUE,FALSE,FALSE,12/23/2023,N. 44th Street and Washington Street,85008
30270-6901,1,202312,PHOENIX,V2V F2R,TRUE,FALSE,FALSE,FALSE,FALSE,FALSE,12/20/2023,N. 28th Street at E. Pinchot Avenue,85016
30270-6883,1,202312,PHOENIX,V2V F2R,TRUE,FALSE,TRUE,TRUE,FALSE,FALSE,12/13/2023,N. Scottsdale Road at E. Chaparral Road,85253
30270-6879,1,202312,SAN_FRANCISCO,V2V F2R,TRUE,FALSE,TRUE,TRUE,FALSE,FALSE,12/12/2023,Gough Street at Ellis Street,94109
30270-6878,1,202312,PHOENIX,V2V F2R,TRUE,FALSE,TRUE,FALSE,FALSE,FALSE,12/11/2023,E. Van Buren Street at N. 36th Street,85008
30270-6855,1,202311,SAN_FRANCISCO,V2V Lateral,TRUE,TRUE,TRUE,FALSE,FALSE,FALSE,11/09/2023,Stockton Street near O'Farrell Street,94102
30270-6854,1,202311,PHOENIX,Single Vehicle,TRUE,TRUE,FALSE,FALSE,FALSE,FALSE,11/08/2023,1949 E. University Drive,85288
30270-6838,1,202311,PHOENIX,Single Vehicle,TRUE,TRUE,FALSE,FALSE,FALSE,FALSE,11/03/2023,135 W. Orion Street,85283
30270-6765,1,202311,PHOENIX,V2V F2R,TRUE,FALSE,TRUE,FALSE,FALSE,FALSE,11/30/2023,Hayden Road and McDowell Road,85257
30270-6579,2,202311,SAN_FRANCISCO,Secondary Crash,TRUE,FALSE,TRUE,TRUE,FALSE,TRUE,11/03/2023,Folsom Street at 11th Street,94103
30270-6668,1,202310,PHOENIX,V2V F2R,TRUE,FALSE,FALSE,FALSE,FALSE,FALSE,10/30/2023,S. Terrace Road at E. Lemon Street,85281
30270-6667,1,202310,SAN_FRANCISCO,V2V F2R,TRUE,TRUE,FALSE,FALSE,FALSE,FALSE,10/29/2023,Marin Street near Michigan Street,94124
30270-6666,1,202310,SAN_FRANCISCO,V2V Head-on,TRUE,TRUE,FALSE,FALSE,FALSE,FALSE,10/28/2023,Avila Street near Rico Way,94123
30270-6664,1,202310,PHOENIX,V2V Intersection,TRUE,TRUE,FALSE,FALSE,FALSE,FALSE,10/21/2023,44 N. 44th Street,85008
30270-6663,1,202310,SAN_FRANCISCO,V2V Backing,TRUE,FALSE,FALSE,FALSE,FALSE,FALSE,10/10/2023,Bluxome Street at 4th Street,94107
30270-6662,1,202310,SAN_FRANCISCO,V2V Lateral,TRUE,TRUE,FALSE,FALSE,FALSE,FALSE,10/07/2023,Van Ness Avenue at Lombard Street,94109
30270-6661,1,202310,SAN_FRANCISCO,V2V F2R,TRUE,FALSE,FALSE,FALSE,FALSE,FALSE,10/04/2023,Fremont Street at Mission Street,94105
30270-6566,1,202310,PHOENIX,V2V F2R,TRUE,FALSE,TRUE,TRUE,FALSE,FALSE,10/28/2023,N. Dobson Road near W. Warner Road,85224
30270-6561,1,202310,PHOENIX,Single Vehicle,TRUE,TRUE,TRUE,FALSE,FALSE,FALSE,10/26/2023,Parking lot driveway at Central High School,85012
30270-6548,1,202310,PHOENIX,Single Vehicle,TRUE,FALSE,TRUE,FALSE,FALSE,FALSE,10/19/2023,S. Central Avenue near E. Grant Street,85004
30270-6542,1,202310,PHOENIX,V2V F2R,FALSE,FALSE,FALSE,FALSE,FALSE,FALSE,10/10/2023,Hayden Road near E. Wilshire Drive,85257
30270-6385,2,202310,SAN_FRANCISCO,V2V F2R,TRUE,FALSE,FALSE,FALSE,FALSE,FALSE,10/01/2023,15th Street near Sanchez Street,94114
30270-6521,1,202309,PHOENIX,V2V Backing,TRUE,TRUE,FALSE,FALSE,FALSE,FALSE,09/30/2023,North 9th Avenue at Grand Avenue,85007
30270-6520,1,202309,PHOENIX,V2V Intersection,TRUE,TRUE,FALSE,FALSE,FALSE,FALSE,09/30/2023,Scottsdale Road at Camelback Road,85251
30270-6519,1,202309,PHOENIX,V2V Backing,TRUE,FALSE,TRUE,FALSE,FALSE,FALSE,09/29/2023,North 2nd Street at East McKinley Street,85004
30270-6518,1,202309,SAN_FRANCISCO,V2V Backing,FALSE,FALSE,FALSE,FALSE,FALSE,FALSE,09/27/2023,24th Street at Ortega Street,94122
30270-6517,1,202309,SAN_FRANCISCO,V2V Backing,TRUE,TRUE,FALSE,FALSE,FALSE,FALSE,09/20/2023,Divisadero Street and McAllister Street,94115
30270-6516,1,202309,PHOENIX,V2V F2R,TRUE,FALSE,FALSE,FALSE,FALSE,FALSE,09/09/2023,Rural Road at South Terrance Road,85281
30270-6515,1,202309,SAN_FRANCISCO,V2V Backing,TRUE,FALSE,FALSE,FALSE,FALSE,FALSE,09/07/2023,Florida Street at Mariposa Street,94110
30270-6514,1,202309,SAN_FRANCISCO,V2V Lateral,TRUE,TRUE,FALSE,FALSE,FALSE,FALSE,09/01/2023,Divisadero Street at Hayes Street,94117
30270-6405,1,202309,SAN_FRANCISCO,V2V Intersection,TRUE,FALSE,TRUE,FALSE,FALSE,FALSE,09/29/2023,Haight Street at Laguna Street,94102
30270-6368,1,202309,PHOENIX,V2V Lateral,TRUE,FALSE,TRUE,FALSE,FALSE,FALSE,09/17/2023,E. Minton Drive near Rural Road,85282
30270-6352,1,202309,SAN_FRANCISCO,V2V F2R,TRUE,FALSE,TRUE,FALSE,FALSE,FALSE,09/12/2023,19th Street at Tennessee Street,94107
30270-6347,1,202308,LOS_ANGELES,V2V F2R,TRUE,FALSE,FALSE,FALSE,FALSE,FALSE,08/24/2023,Michigan Ave and Euclid St,90404
30270-6346,1,202308,SAN_FRANCISCO,V2V Backing,TRUE,TRUE,FALSE,FALSE,FALSE,FALSE,08/23/2023,Bay St and Mason St,94133
30270-6342,1,202308,SAN_FRANCISCO,V2V Lateral,TRUE,TRUE,FALSE,FALSE,FALSE,FALSE,08/17/2023,Bayshore Blvd and Costa Street,94124
30270-6341,1,202308,SAN_FRANCISCO,All Others,FALSE,FALSE,FALSE,FALSE,FALSE,FALSE,08/16/2023,Bryant Street at 2nd Street,94107
30270-6338,1,202308,PHOENIX,V2V Intersection,TRUE,FALSE,FALSE,FALSE,FALSE,FALSE,08/08/2023,W McKinley St and N 5th Av,85003
30270-6337,1,202308,PHOENIX,V2V F2R,FALSE,FALSE,FALSE,FALSE,FALSE,FALSE,08/07/2023,South Sycamore at South Cholla,85202
30270-6336,1,202308,SAN_FRANCISCO,V2V F2R,TRUE,FALSE,TRUE,TRUE,FALSE,FALSE,08/02/2023,Bush St and Polk St,94109
30270-6335,1,202308,PHOENIX,V2V Backing,FALSE,FALSE,FALSE,FALSE,FALSE,FALSE,08/01/2023,E Oak and N 46th Street,85008
30270-6198,1,202308,PHOENIX,V2V F2R,TRUE,FALSE,TRUE,FALSE,FALSE,FALSE,08/30/2023,Camelback Road at North 17th Street,85015
30270-6150,1,202308,PHOENIX,V2V Lateral,TRUE,FALSE,FALSE,FALSE,FALSE,FALSE,08/14/2023,7th Street at E. Van Buren St,85034
30270-6149,2,202308,PHOENIX,V2V F2R,TRUE,FALSE,TRUE,TRUE,TRUE,FALSE,08/17/2023,Apache Boulevard near S. Rural Road,85281
30270-6133,1,202307,SAN_FRANCISCO,V2V Backing,TRUE,TRUE,FALSE,FALSE,FALSE,FALSE,07/22/2023,13th Street east of Folsom St,94103
30270-6132,1,202307,SAN_FRANCISCO,V2V Lateral,TRUE,TRUE,FALSE,FALSE,FALSE,FALSE,07/21/2023,Leavenworth Street at Golden Gate Ave,94102
30270-6131,1,202307,PHOENIX,V2V Backing,FALSE,FALSE,FALSE,FALSE,FALSE,FALSE,07/13/2023,East Taylor Street at North Papago Street,85008
30270-5997,1,202307,PHOENIX,V2V F2R,TRUE,FALSE,TRUE,TRUE,FALSE,FALSE,07/27/2023,E. Rio Salado Parkway near Clubview Avenue,85281
30270-5896,1,202307,PHOENIX,V2V Head-on,TRUE,FALSE,TRUE,FALSE,FALSE,FALSE,07/11/2023,N. San Marcos Place at W. Commonwealth Avenue,85225
30270-5961,1,202306,SAN_FRANCISCO,V2V F2R,TRUE,TRUE,FALSE,FALSE,FALSE,FALSE,06/29/2023,Jersey Street at Church Street,94114
30270-5960,1,202306,SAN_FRANCISCO,V2V Backing,FALSE,FALSE,FALSE,FALSE,FALSE,FALSE,06/28/2023,Great Highway near Kirkham Street,94122
30270-5959,1,202306,SAN_FRANCISCO,V2V F2R,TRUE,FALSE,FALSE,FALSE,FALSE,FALSE,06/18/2023,Market Street at Diamond St,94114
30270-5958,1,202306,SAN_FRANCISCO,V2V F2R,FALSE,FALSE,FALSE,FALSE,FALSE,FALSE,06/11/2023,Santiago Street near 42nd Avenue.,94116
30270-5957,1,202306,SAN_FRANCISCO,V2V Backing,TRUE,TRUE,FALSE,FALSE,FALSE,FALSE,06/05/2023,3911 3rd Street,94124
30270-5760,1,202305,PHOENIX,V2V Head-on,TRUE,TRUE,FALSE,FALSE,FALSE,FALSE,05/13/2023,W Taylor Street just west of N 7th Avenue,85007
30270-5758,1,202305,SAN_FRANCISCO,Single Vehicle,TRUE,FALSE,FALSE,FALSE,FALSE,FALSE,05/06/2023,Post Street at Webster Street,94115
30270-5756,1,202305,PHOENIX,V2V Head-on,TRUE,TRUE,FALSE,FALSE,FALSE,FALSE,05/05/2023,E Roeser Road at S 40th Street,85040
30270-5612,1,202305,PHOENIX,Single Vehicle,TRUE,TRUE,FALSE,FALSE,FALSE,FALSE,05/14/2023,1613 N. 18th St.,85006
30270-5611,1,202305,PHOENIX,Single Vehicle,TRUE,TRUE,FALSE,FALSE,FALSE,FALSE,05/14/2023,1613 N. 18th St.,85006
30270-5456,2,202305,SAN_FRANCISCO,Cyclist,TRUE,FALSE,FALSE,FALSE,FALSE,FALSE,05/07/2023,Bay Street near Mason Street,94133
30270-5593,1,202304,SAN_FRANCISCO,V2V Lateral,FALSE,FALSE,FALSE,FALSE,FALSE,FALSE,04/30/2023,Oak Street at Octavia Boulevard,94102
30270-5592,1,202304,SAN_FRANCISCO,V2V Backing,TRUE,FALSE,FALSE,FALSE,FALSE,FALSE,04/28/2023,25th Street at Sanchez Street,94114
30270-5591,1,202304,PHOENIX,V2V F2R,TRUE,FALSE,FALSE,FALSE,FALSE,FALSE,04/24/2023,North Central Avenue at West Encanto Boulevard,85004
30270-5588,1,202304,PHOENIX,V2V Intersection,TRUE,TRUE,FALSE,FALSE,FALSE,FALSE,04/13/2023,South McClintock Drive at parking lot driveway near East Warner Road,85284
30270-5208,2,202304,SAN_FRANCISCO,V2V Lateral,TRUE,TRUE,FALSE,FALSE,FALSE,FALSE,04/06/2023,Randall Street near Harper Street,94131
30270-5319,1,202303,PHOENIX,V2V Backing,TRUE,TRUE,FALSE,FALSE,FALSE,FALSE,03/08/2023,200 block of N. 5th Avenue,85003
30270-5318,1,202303,SAN_FRANCISCO,Single Vehicle,TRUE,TRUE,FALSE,FALSE,FALSE,FALSE,03/01/2023,8077 O'Farrell Street,94118
30270-5114,2,202303,SAN_FRANCISCO,Single Vehicle,TRUE,TRUE,FALSE,FALSE,FALSE,FALSE,03/20/2023,Bayshore Boulevard near Jerrold Avenue,94124
30270-5085,2,202302,SAN_FRANCISCO,V2V Lateral,TRUE,FALSE,FALSE,FALSE,FALSE,FALSE,02/25/2023,25th St and Noe Street,94114
30270-5083,1,202302,SAN_FRANCISCO,V2V Intersection,TRUE,FALSE,FALSE,FALSE,FALSE,FALSE,02/24/2023,Toland St and Hudson Ave,94124
30270-5081,1,202302,SAN_FRANCISCO,Single Vehicle,TRUE,TRUE,FALSE,FALSE,FALSE,FALSE,02/15/2023,North Point St and Buchanan Street,94123
30270-4882,1,202301,PHOENIX,V2V F2R,TRUE,FALSE,FALSE,FALSE,FALSE,FALSE,1/23/2023,N Alma School Rd & W Commonwealth Ave,85224
30270-4880,1,202301,PHOENIX,V2V Backing,TRUE,TRUE,FALSE,FALSE,FALSE,FALSE,1/19/2023,116 E Roosevelt Street,85004
30270-4768,2,202301,PHOENIX,Motorcycle,TRUE,FALSE,FALSE,TRUE,FALSE,FALSE,1/21/2023,E. Van Buren Street at N. 24th Place,85008
30270-4363,2,202212,PHOENIX,Single Vehicle,TRUE,TRUE,FALSE,FALSE,FALSE,FALSE,12/4/2022,4100 block of N S. Herrera Way,85012
30270-4484,1,202211,PHOENIX,V2V Head-on,TRUE,TRUE,TRUE,FALSE,FALSE,FALSE,11/7/2022,500 block of W. Willetta Street,85003
30270-3842,1,202208,SAN_FRANCISCO,V2V F2R,TRUE,FALSE,FALSE,FALSE,FALSE,FALSE,8/10/2022,Clayton Street at Market Street,94114
30270-3838,1,202208,PHOENIX,V2V Backing,TRUE,TRUE,FALSE,FALSE,FALSE,FALSE,8/8/2022,1919 N. Dobson Road,85224
30270-1730,1,202110,PHOENIX,V2V Backing,FALSE,FALSE,FALSE,FALSE,FALSE,FALSE,10/19/2021,700 block of S. El Dorado,85202
30270-1583,1,202110,PHOENIX,V2V F2R,TRUE,FALSE,TRUE,FALSE,FALSE,FALSE,10/23/2021,W. Chandler Boulevard and S. Chandler Village Drive,85226
30270-1501,1,202109,PHOENIX,V2V Backing,TRUE,FALSE,FALSE,FALSE,FALSE,FALSE,9/21/2021,909 E. Minton Dr.,85282
N/A,#N/A,202105,PHOENIX,V2V F2R,TRUE,FALSE,FALSE,FALSE,FALSE,FALSE,05/28/2021,S McClintock Drive at E Baseline Rd,85283
N/A,#N/A,202009,PHOENIX,V2V F2R,TRUE,FALSE,TRUE,FALSE,TRUE,FALSE,9/15/2020,849 S Dobbson Rd,85202